theta_estimate,delta_phi_estimate
87.3766205847636,56.5735994408408
