theta_estimate,delta_phi_estimate
47.26430177351594,49.65548820359125
