theta_estimate,delta_phi_estimate
81.85985698615164,85.42158115284714
