theta,delta_phi,psi_hwp_a,psi_qwp_a,psi_hwp_b,psi_qwp_b
1.9169039920208906,90,30.9366373268069,55.202343236360754,20.554401990043885,74.4349922129905
