theta_estimate,delta_phi_estimate
106.8777109785038,36.67008793968819
