theta,delta_phi,psi_hwp_a,psi_qwp_a,psi_hwp_b,psi_qwp_b
3.0883453204781017,0,44.44756626442428,88.52110099593709,44.890636876160976,88.81743495567575
