theta_estimate,delta_phi_estimate
174.3347537552706,82.84727681965299
