theta_estimate,delta_phi_estimate
134.93138940211415,85.46428628512406
