theta_estimate,delta_phi_estimate
123.94353632080175,10.03356786586669
