theta,delta_phi,psi_hwp_a,psi_qwp_a,psi_hwp_b,psi_qwp_b
0.7454626635636797,90,12.851308630373127,20.913478845937853,-7.521551464674673,5.684255211534625
