theta_estimate,delta_phi_estimate
39.09558330713385,38.658062332069
