theta,delta_phi,psi_hwp_a,psi_qwp_a,psi_hwp_b,psi_qwp_b
2.7156139886962616,90,40.518277913679555,78.12769526091536,37.6429130310784,87.17790771002407
