theta_estimate,delta_phi_estimate
153.43806260391042,43.58728467399308
