theta_estimate,delta_phi_estimate
163.34354252593474,84.46012879137399
