theta_estimate,delta_phi_estimate
138.41878455991954,51.26530400745802
