theta,delta_phi,psi_hwp_a,psi_qwp_a,psi_hwp_b,psi_qwp_b
0.7853981633974483,1.3045596612364394,13.52503267170461,22.05558247447343,3.7152407754985997,19.56678775418467
