theta_estimate,delta_phi_estimate
42.404635008746354,56.844056044309504
