theta_estimate,delta_phi_estimate
86.52336826872336,70.92253598007422
