theta,delta_phi,psi_hwp_a,psi_qwp_a,psi_hwp_b,psi_qwp_b
3.141592653589793,1.5707963267948966,45.0,90.0,44.99999999999999,90.0
