theta_estimate,delta_phi_estimate
87.31439215011608,54.11285073000255
