theta_estimate,delta_phi_estimate
160.86322309219972,47.479627574458526
