theta,delta_phi,psi_hwp_a,psi_qwp_a,psi_hwp_b,psi_qwp_b
1.5707963267948966,-0.6922153304519884,26.049999999999997,45.0,7.130508474576271,44.99999999999999
