theta_estimate,delta_phi_estimate
85.88644387527918,44.340905895889456
