theta_estimate,delta_phi_estimate
133.2575676446551,12.13217190968354
