theta_estimate,delta_phi_estimate
27.33649984771058,18.178642952154597
