theta,delta_phi,psi_hwp_a,psi_qwp_a,psi_hwp_b,psi_qwp_b
1.5441726602390509,0,25.655346097480262,44.21326114160696,-31.803830290774773,-44.01593977758009
