theta_estimate,delta_phi_estimate
41.28645490104387,67.9495242904109
