theta_estimate,delta_phi_estimate
86.4680778907962,78.84696944051366
