theta_estimate,delta_phi_estimate
86.0633418918739,67.59858386763202
