theta_estimate,delta_phi_estimate
97.29069690005227,0.0
101.71511919102997,17.580539668255746
90.0,0.0
