theta_estimate,delta_phi_estimate
129.38422727980208,17.30282457857095
