theta,delta_phi,psi_hwp_a,psi_qwp_a,psi_hwp_b,psi_qwp_b,measurement_time,repetitions
0.9584519960104453,0,16.413670195981428,27.037347931413066,-19.738674597526902,-23.905329432430445,0.0001,100
