theta_estimate,delta_phi_estimate
50.615772720197924,17.30282457857095
50.615772720197924,10.366525497881398
61.16862253202477,12.13217190968354
