theta_estimate,delta_phi_estimate
61.16862253202477,12.13217190968354
