theta_estimate,delta_phi_estimate
85.41575876134414,12.350200035491538
