theta,delta_phi,psi_hwp_a,psi_qwp_a,psi_hwp_b,psi_qwp_b
1.5707963267948966,1.4643016605715138,26.049999999999997,45.0,11.325423728813554,44.99999999999999
