theta_estimate,delta_phi_estimate
86.50101757149518,66.20270123426369
