theta_estimate,delta_phi_estimate
87.56482377686363,60.57488988062762
