theta_estimate,delta_phi_estimate
86.65400273879077,80.56812117187064
