theta_estimate,delta_phi_estimate
146.88371351522215,21.908502606759928
