theta_estimate,delta_phi_estimate
86.13282606161671,80.91076883649207
