theta_estimate,delta_phi_estimate
87.14511035522399,72.34899799794759
