theta_estimate,delta_phi_estimate
86.02983868711445,49.39194178362893
