theta_estimate,delta_phi_estimate
87.687440984258,63.439418682687716
