{
    "alpha": {
        "real": 0.7071067811865475,
        "imag": 0.0
    },
    "beta": {
        "real": -0.7071067811865475,
        "imag": 0.0
    },
    "psi_compensated_a": {
        "real": [
            [
                0.7016846424668167
            ],
            [
                -0.7016846424668167
            ]
        ],
        "imag": [
            [
                0.0873994423678737
            ],
            [
                0.0873994423678737
            ]
        ]
    },
    "psi_compensated_b": {
        "real": [
            [
                -0.23720007973007745
            ],
            [
                0.23720007973007745
            ]
        ],
        "imag": [
            [
                0.6661352131332232
            ],
            [
                0.6661352131332232
            ]
        ]
    },
    "psi_hwp_a": -26.049999999999997,
    "psi_qwp_a": -45.0,
    "psi_hwp_b": 32.300000000000004,
    "psi_qwp_b": 45.00000000000001
}