theta_estimate,delta_phi_estimate
85.86341350986302,46.3925267796968
