theta,delta_phi,psi_hwp_a,psi_qwp_a,psi_hwp_b,psi_qwp_b
0.9052046628987539,0,15.530645987431047,25.498885750321033,18.609191937305567,22.313442504861754
