theta_estimate,delta_phi_estimate
49.01649955034793,85.03048911361769
