theta_estimate,delta_phi_estimate
43.50785356931293,63.2279146913894
