theta,delta_phi,psi_hwp_a,psi_qwp_a,psi_hwp_b,psi_qwp_b,measurement_time
1.5707963267948966,1.0681415022205298,26.049999999999997,45.0,-1.699999999999996,-45.0,10
