theta_estimate,delta_phi_estimate
86.19091993639262,80.91076883649207
