theta_estimate,delta_phi_estimate
85.46690684058778,35.702119055544074
