theta_estimate,delta_phi_estimate
28.865534610968552,82.90446463310914
