theta_estimate,delta_phi_estimate
86.73089442265164,63.49092048303317
