theta_estimate,delta_phi_estimate
132.96074218528824,38.061757181568666
