theta_estimate,delta_phi_estimate
84.95816310108567,12.908751066012787
