theta_estimate,delta_phi_estimate
86.37004863938995,75.43434656722454
