theta_estimate,delta_phi_estimate
21.549669668020364,83.04645735578252
