theta_estimate,delta_phi_estimate
86.85987068919219,84.69824293378073
