{
    "alpha": {
        "real": 0.7071067811865475,
        "imag": 0.0
    },
    "beta": {
        "real": 0.7071067811865475,
        "imag": 0.0
    },
    "psi_compensated_a": {
        "real": [
            [
                0.7016846424668167
            ],
            [
                0.7016846424668167
            ]
        ],
        "imag": [
            [
                0.0873994423678737
            ],
            [
                -0.0873994423678737
            ]
        ]
    },
    "psi_compensated_b": {
        "real": [
            [
                -0.07084365775983473
            ],
            [
                -0.07084365775983473
            ]
        ],
        "imag": [
            [
                0.7035489863223509
            ],
            [
                -0.7035489863223509
            ]
        ]
    },
    "psi_hwp_a": 26.05,
    "psi_qwp_a": 45.0,
    "psi_hwp_b": -25.374999999999996,
    "psi_qwp_b": -45.0
}