theta_estimate,delta_phi_estimate
41.76764221647393,52.244164071940716
