theta_estimate,delta_phi_estimate
123.34071044090179,37.213461053627476
