theta_estimate,delta_phi_estimate
23.97743352928098,44.57026553758209
