theta_estimate,delta_phi_estimate
86.12248276905268,67.59858386763202
