theta_estimate,delta_phi_estimate
93.61846057785294,36.3356242874558
