theta_estimate,delta_phi_estimate
87.2243839311186,55.38819573348832
