theta_estimate,delta_phi_estimate
175.74164825190206,81.59459583472461
