theta_estimate,delta_phi_estimate
146.88371351522215,18.178642952154597
