theta,delta_phi,psi_hwp_a,psi_qwp_a,psi_hwp_b,psi_qwp_b
0.7853981633974483,0.6389679973402969,13.52503267170461,22.05558247447343,11.700424765644485,22.485362128417442
