theta_estimate,delta_phi_estimate
42.5291678791668,74.2902437077844
