theta_estimate,delta_phi_estimate
87.26115851856245,57.91387014031131
