theta,delta_phi,psi_hwp_a,psi_qwp_a,psi_hwp_b,psi_qwp_b
1.3844306609039765,1.5707963267948966,23.235669659121434,39.49679352091819,5.947416481277871,36.694273331373324
