theta_estimate,delta_phi_estimate
75.11482077659184,48.582938621516384
