theta_estimate,delta_phi_estimate
137.92457679467537,85.80074653642849
