theta_estimate,delta_phi_estimate
41.97323866207553,63.27434242794852
