theta_estimate,delta_phi_estimate
41.52955900894895,84.73278505140895
