theta_estimate,delta_phi_estimate
42.17614394835812,82.431107810606
