theta_estimate,delta_phi_estimate
87.21225311275599,73.96370772829094
