theta,delta_phi,psi_hwp_a,psi_qwp_a,psi_hwp_b,psi_qwp_b
0.7853981633974483,0.7720863301195254,13.52503267170461,22.05558247447343,10.332384501230182,22.444570603027973
