theta_estimate,delta_phi_estimate
42.57252704018095,71.56077388297356
