theta_estimate,delta_phi_estimate
17.416813028393495,28.2359542371479
