theta_estimate,delta_phi_estimate
165.96434365614837,60.10320556608272
