theta,delta_phi,psi_hwp_a,psi_qwp_a,psi_hwp_b,psi_qwp_b
0.7853981633974483,1.331183327792285,13.52503267170461,22.05558247447343,3.339046120537778,19.292958785968466
