theta_estimate,delta_phi_estimate
43.06901769088992,55.909394836277876
