theta,delta_phi,psi_hwp_a,psi_qwp_a,psi_hwp_b,psi_qwp_b
2.1298933244676563,90,33.71031935184743,61.419355137549054,26.24410522331826,80.40364276151378
