theta_estimate,delta_phi_estimate
86.58601420314324,49.62521289146172
