theta_estimate,delta_phi_estimate
84.14222895135197,14.657388851273057
