theta_estimate,delta_phi_estimate
86.31776046694199,85.05457028211667
