theta_estimate,delta_phi_estimate
86.67031960752375,57.4712481443511
