theta,delta_phi,psi_hwp_a,psi_qwp_a,psi_hwp_b,psi_qwp_b
0.8519573297870625,1.5707963267948966,14.642308174908507,23.965384595050114,0.04121019940222465,17.920405411995254
