theta_estimate,delta_phi_estimate
41.46165854874219,75.69266167483411
