theta_estimate,delta_phi_estimate
30.719771394726482,50.98551872249965
