theta_estimate,delta_phi_estimate
18.110066506837192,56.934038992837245
