theta_estimate,delta_phi_estimate
86.47215673012536,76.32187023651939
