theta_estimate,delta_phi_estimate
85.7777761751746,38.04447061650228
