theta_estimate,delta_phi_estimate
75.29708788523399,9.453818056955944
