theta_estimate,delta_phi_estimate
86.91081976065672,58.93151230724294
