theta,delta_phi,psi_hwp_a,psi_qwp_a,psi_hwp_b,psi_qwp_b
0.5857206642286055,0,10.134746802660398,16.37266367960328,-11.914127218088321,-13.603376964710716
