theta_estimate,delta_phi_estimate
41.203927055315845,82.431107810606
