theta_estimate,delta_phi_estimate
85.14977332487551,11.154867820976541
