theta_estimate,delta_phi_estimate
69.18633244294116,10.03356786586669
