theta_estimate,delta_phi_estimate
140.79122754598362,85.50942746449859
