theta_estimate,delta_phi_estimate
41.96720372672326,84.83146711908509
