theta_estimate,delta_phi_estimate
42.490105698635624,58.19284932980072
