theta_estimate,delta_phi_estimate
22.866017613657924,41.8131036759446
