theta_estimate,delta_phi_estimate
119.5289259847503,85.95530876461373
