theta_estimate,delta_phi_estimate
60.6252419448251,12.323263768149957
