theta_estimate,delta_phi_estimate
42.01602168373646,70.0534615207102
