theta_estimate,delta_phi_estimate
13.954209488365377,52.35517248398435
