theta_estimate,delta_phi_estimate
100.79129590727291,36.98422402867854
