theta,delta_phi,psi_hwp_a,psi_qwp_a,psi_hwp_b,psi_qwp_b
1.703914659574125,90,27.984078495778604,48.932272288668855,11.565992841622798,60.79225603735748
