theta_estimate,delta_phi_estimate
93.67363910308616,36.3356242874558
