theta,delta_phi,psi_hwp_a,psi_qwp_a,psi_hwp_b,psi_qwp_b
0.10649466622338281,1.5707963267948966,1.8526838656301161,2.958301451720391,-0.2149186508632732,1.9326105243329674
