theta_estimate,delta_phi_estimate
3.7158526104627647,72.7893151248393
