theta,delta_phi,psi_hwp_a,psi_qwp_a,psi_hwp_b,psi_qwp_b
2.502624656249496,90,38.16230301164995,72.11851625836685,33.8033985177938,85.40424840859826
