theta,delta_phi,psi_hwp_a,psi_qwp_a,psi_hwp_b,psi_qwp_b,measurement_time,repetitions
0.7853981633974483,0.05324733311169141,13.52503267170461,22.05558247447343,-15.667073830681753,-19.97704122136909,0.0001,20000
