theta_estimate,delta_phi_estimate
87.2393544986925,58.68577156466215
