theta_estimate,delta_phi_estimate
86.45203573203533,36.91368679610727
