theta_estimate,delta_phi_estimate
86.9747333844481,52.25367242021721
