theta_estimate,delta_phi_estimate
78.76589925594648,48.97545381277436
