theta_estimate,delta_phi_estimate
86.63660291880518,85.67301462676016
