theta_estimate,delta_phi_estimate
25.554001652165447,21.038668620639466
