theta_estimate,delta_phi_estimate
54.44212391246511,49.70494998180187
