theta_estimate,delta_phi_estimate
41.69615750808282,64.61277235660607
