theta_estimate,delta_phi_estimate
110.75253967041752,49.25134176658237
