theta,delta_phi,psi_hwp_a,psi_qwp_a,psi_hwp_b,psi_qwp_b
1.5707963267948966,-0.18636566589092007,26.049999999999997,45.0,34.969491525423734,44.999999999999986
