theta_estimate,delta_phi_estimate
86.61547434597198,83.01510832297066
