theta_estimate,delta_phi_estimate
85.63315068381198,8.354267009418201
91.4543637758213,8.746291585797271
