theta_estimate,delta_phi_estimate
86.08948445864034,49.39194178362893
