theta_estimate,delta_phi_estimate
120.5050439462337,16.54258264340555
