theta_estimate,delta_phi_estimate
14.244035168742247,78.4185316115598
