theta_estimate,delta_phi_estimate
168.57617427567376,82.84727681965299
