theta_estimate,delta_phi_estimate
98.75932627648788,13.437451997627068
