theta_estimate,delta_phi_estimate
84.1731307250793,0.0
104.70291211476601,0.0
98.75932627648788,13.437451997627068
