theta_estimate,delta_phi_estimate
166.98318033995548,63.13724334843575
