theta_estimate,delta_phi_estimate
86.51494890786918,82.81144361270599
