theta_estimate,delta_phi_estimate
23.97743352928098,29.629227729230948
15.319619530017288,0.0
