theta_estimate,delta_phi_estimate
86.422236355347,53.75599355991162
