theta_estimate,delta_phi_estimate
86.28736469242968,80.71278140312532
