theta_estimate,delta_phi_estimate
85.21622235694564,16.181797775954387
