theta_estimate,delta_phi_estimate
38.11234742630403,19.202679103356804
