theta_estimate,delta_phi_estimate
146.68972885833546,85.15662033755325
