theta_estimate,delta_phi_estimate
84.53053958247826,15.83860510167718
