theta_estimate,delta_phi_estimate
84.62346840883282,49.232308851892384
