theta_estimate,delta_phi_estimate
85.8125147563946,49.409400496127745
