theta_estimate,delta_phi_estimate
106.21173709492504,23.776128353464095
