theta_estimate,delta_phi_estimate
115.56101844355399,10.366525497881398
