theta_estimate,delta_phi_estimate
133.2575676446551,19.5845528370746
118.83137746797523,11.145783819035133
115.56101844355399,10.366525497881398
