theta_estimate,delta_phi_estimate
20.101326681522107,23.776128353464095
0.0,90.0
8.171233559949766,44.57026553758209
