theta_estimate,delta_phi_estimate
86.2377656691032,85.73523296645708
