theta_estimate,delta_phi_estimate
40.17940059814036,84.81790835240214
