theta,delta_phi,psi_hwp_a,psi_qwp_a,psi_hwp_b,psi_qwp_b,measurement_time
1.5707963267948966,0.6283185307179586,26.049999999999997,45.0,-14.3,-45.0,10
