theta_estimate,delta_phi_estimate
34.665287108800065,37.74802133517199
