theta_estimate,delta_phi_estimate
41.61397745532085,71.56077388297356
