theta,delta_phi,psi_hwp_a,psi_qwp_a,psi_hwp_b,psi_qwp_b
1.5707963267948966,-0.3727313317818399,26.049999999999997,45.0,-42.97796610169494,-44.99999999999993
