theta_estimate,delta_phi_estimate
86.6671726817509,65.52829280558495
