theta,delta_phi,psi_hwp_a,psi_qwp_a,psi_hwp_b,psi_qwp_b,measurement_time,power,temperature
1.5707963267948966,0.2617993877991494,26.049999999999997,45.0,-24.800000000000008,-45.00000000000001,90,10,32.7C
