theta_estimate,delta_phi_estimate
85.6607004316513,48.440085308676615
