theta_estimate,delta_phi_estimate
41.772595400516046,74.67344841939523
