theta,delta_phi,psi_hwp_a,psi_qwp_a,psi_hwp_b,psi_qwp_b
1.5707963267948966,-1.357806994348131,26.049999999999997,45.0,26.19830508474577,45.0
