theta_estimate,delta_phi_estimate
86.60255315809233,79.12891199948278
