theta_estimate,delta_phi_estimate
86.11019768014388,72.0505702849334
