theta_estimate,delta_phi_estimate
20.69939698312325,41.8131036759446
