theta_estimate,delta_phi_estimate
18.4462672009629,82.24658007032203
