theta_estimate,delta_phi_estimate
11.144396815652897,37.3611251099725
