theta_estimate,delta_phi_estimate
41.36729599460813,77.21845817928589
