theta_estimate,delta_phi_estimate
42.06734438544953,56.858638555289005
