theta_estimate,delta_phi_estimate
86.81549854382429,55.86726469551278
