theta_estimate,delta_phi_estimate
119.67524793068597,37.02412470860262
