theta_estimate,delta_phi_estimate
42.41079573272914,73.55738927658871
