theta_estimate,delta_phi_estimate
56.17044775767634,36.309446659828566
