theta_estimate,delta_phi_estimate
84.89237702945296,23.715445662912664
