theta,delta_phi,psi_hwp_a,psi_qwp_a,psi_hwp_b,psi_qwp_b
2.981850654254719,1.5707963267948966,43.3397013292279,85.56129389926754,41.776265208932195,87.09282774607787
