theta_estimate,delta_phi_estimate
165.5834369510456,63.82503993813851
