theta,delta_phi,psi_hwp_a,psi_qwp_a,psi_hwp_b,psi_qwp_b
1.171441328457211,0,19.88420026228337,33.23741991797255,-24.25989694153608,-30.71369119550306
