theta,delta_phi,psi_hwp_a,psi_qwp_a,psi_hwp_b,psi_qwp_b
2.609119322472879,0,39.35427872007614,75.13162968368029,43.54299614577271,77.72853151883271
