theta_estimate,delta_phi_estimate
96.83619033444397,36.71116324881751
