theta_estimate,delta_phi_estimate
110.68761202896195,36.54232836967249
