theta_estimate,delta_phi_estimate
170.97169365320147,71.57867789043729
