theta_estimate,delta_phi_estimate
42.05673111169983,84.44294104277868
