theta_estimate,delta_phi_estimate
86.94803954992133,67.95987503395926
