theta_estimate,delta_phi_estimate
139.58965902279962,20.422155428503196
137.3952195034382,12.13217190968354
135.28863187411142,12.734902619155687
