theta_estimate,delta_phi_estimate
155.26762814501112,44.913524996623636
