{
    "alpha": 0,
    "beta": 1,
    "psi_compensated_a": {
        "real": [
            [
                0.0
            ],
            [
                0.9923319378854886
            ]
        ],
        "imag": [
            [
                0.0
            ],
            [
                -0.12360147674049268
            ]
        ]
    },
    "psi_compensated_b": {
        "real": [
            [
                0.0
            ],
            [
                -0.10018806161207623
            ]
        ],
        "imag": [
            [
                0.0
            ],
            [
                -0.9949685182509118
            ]
        ]
    },
    "psi_hwp_a": 45.0,
    "psi_qwp_a": 90.0,
    "psi_hwp_b": -45.0,
    "psi_qwp_b": -90.0
}