theta_estimate,delta_phi_estimate
42.07766790625563,60.11419976528102
