theta,delta_phi,psi_hwp_a,psi_qwp_a,psi_hwp_b,psi_qwp_b
1.5707963267948966,0.3461076652259941,26.049999999999997,45.0,-22.384745762711866,-45.0
