theta_estimate,delta_phi_estimate
42.12728482591625,55.909394836277876
