theta,delta_phi,psi_hwp_a,psi_qwp_a,psi_hwp_b,psi_qwp_b
1.970151325132582,1.5707963267948966,31.646780344310812,56.76258008202744,19.54356148834646,61.866369771738526
