theta_estimate,delta_phi_estimate
110.42723284944277,49.25134176658237
