theta_estimate,delta_phi_estimate
96.94080309700101,36.71116324881751
