theta_estimate,delta_phi_estimate
44.71136812588858,22.481206230515575
40.410340977200406,18.178642952154597
40.410340977200406,18.178642952154597
