theta_estimate,delta_phi_estimate
137.86596060549687,38.75082965140648
