theta,delta_phi,psi_hwp_a,psi_qwp_a,psi_hwp_b,psi_qwp_b
3.0350979873664103,90,43.89438241390973,87.04169854827961,43.17789190102789,89.33312277816916
