theta_estimate,delta_phi_estimate
86.51446842290247,52.10825210320972
