theta,delta_phi,psi_hwp_a,psi_qwp_a,psi_hwp_b,psi_qwp_b
1.5707963267948966,-0.4259786648935313,26.049999999999997,45.0,-44.503389830508446,-44.99999999999988
