theta_estimate,delta_phi_estimate
32.69626344962957,49.843971161620836
