theta_estimate,delta_phi_estimate
65.99543390251822,48.935656876351175
