theta_estimate,delta_phi_estimate
15.998447226139854,81.36312171404661
