theta_estimate,delta_phi_estimate
119.79766407714875,12.43502411916819
