theta,delta_phi,psi_hwp_a,psi_qwp_a,psi_hwp_b,psi_qwp_b
1.5707963267948966,-0.07987099966753708,26.049999999999997,45.0,33.44406779661017,44.99999999999999
