theta_estimate,delta_phi_estimate
87.21102739906128,84.63092625502242
