theta_estimate,delta_phi_estimate
86.40956428458132,51.32257546079095
