theta_estimate,delta_phi_estimate
27.33649984771058,23.776128353464095
