theta_estimate,delta_phi_estimate
42.14317802006925,50.71319694130824
