theta,delta_phi,psi_hwp_a,psi_qwp_a,psi_hwp_b,psi_qwp_b
2.236387990691039,0,35.03176023711002,64.50111424967898,41.29574943244381,67.68655749513825
