theta_estimate,delta_phi_estimate
85.13289108669488,11.57457148269252
