theta_estimate,delta_phi_estimate
169.2666780710451,82.24116542669259
