theta_estimate,delta_phi_estimate
138.90030156877384,85.80074653642849
