theta_estimate,delta_phi_estimate
86.40241230069424,80.9422222514892
