theta_estimate,delta_phi_estimate
154.41250078978217,84.77277833993249
