theta_estimate,delta_phi_estimate
68.82514915936945,85.11654799417367
