theta_estimate,delta_phi_estimate
85.84147100787187,43.165419031074215
