theta_estimate,delta_phi_estimate
86.28948487278645,47.01068707833598
