theta_estimate,delta_phi_estimate
86.47792325482432,58.57554286018927
