theta_estimate,delta_phi_estimate
86.71723415089524,47.386632340775414
