theta_estimate,delta_phi_estimate
86.70641931525184,54.571617212171354
