theta,delta_phi,psi_hwp_a,psi_qwp_a,psi_hwp_b,psi_qwp_b
1.9169039920208906,1.5707963267948966,30.9366373268069,55.202343236360754,18.226604836091482,59.85412450561948
