theta_estimate,delta_phi_estimate
107.08584773915669,49.182960130163224
