theta_estimate,delta_phi_estimate
86.29509403617008,83.7279246311065
