theta_estimate,delta_phi_estimate
42.46952616116473,65.95276349264883
