theta_estimate,delta_phi_estimate
157.23556156519132,44.913524996623636
