theta_estimate,delta_phi_estimate
86.90089477764316,81.90960722468718
