theta,delta_phi,psi_hwp_a,psi_qwp_a,psi_hwp_b,psi_qwp_b
1.5707963267948966,0.5324733311169141,26.049999999999997,45.0,24.672881355932212,45.0
