theta_estimate,delta_phi_estimate
86.72705810486342,76.60626512997305
