theta_estimate,delta_phi_estimate
79.76621937589276,20.979514655051336
