theta_estimate,delta_phi_estimate
86.9572274693796,68.02235894468895
