theta_estimate,delta_phi_estimate
42.347543385028665,82.99470641260262
