theta_estimate,delta_phi_estimate
42.91998480186329,63.27434242794852
