theta_estimate,delta_phi_estimate
65.24329484343458,36.79273628171249
