theta_estimate,delta_phi_estimate
9.857106449613092,73.67524139015433
