theta_estimate,delta_phi_estimate
86.05436139430006,74.0513501866986
