theta_estimate,delta_phi_estimate
128.69234372805795,50.1128050353742
