theta,delta_phi,psi_hwp_a,psi_qwp_a,psi_hwp_b,psi_qwp_b
1.5707963267948966,-0.9850756625662911,26.049999999999997,45.0,15.52033898305084,44.99999999999999
