theta_estimate,delta_phi_estimate
86.5300800921581,59.50849933012481
