theta,delta_phi,psi_hwp_a,psi_qwp_a,psi_hwp_b,psi_qwp_b
0.05324733311169141,90,0.926465268487197,1.4788990040629157,-0.5781167916667976,0.332536564034199
