theta_estimate,delta_phi_estimate
9.50625333294035,76.95199774054113
