theta,delta_phi,psi_hwp_a,psi_qwp_a,psi_hwp_b,psi_qwp_b,measurement_time,repetitions
0.6283185307179586,0,10.862239637535987,17.57934697968192,-12.797205916907167,-14.690410904569651,5e-05,30000
