theta,delta_phi,psi_hwp_a,psi_qwp_a,psi_hwp_b,psi_qwp_b
0.9052046628987539,1.5707963267948966,15.530645987431047,25.498885750321033,0.31979568249925283,19.417491770530127
