theta_estimate,delta_phi_estimate
48.05336410528284,49.65548820359125
