theta_estimate,delta_phi_estimate
66.17531405535416,85.7985619451279
