theta,delta_phi,psi_hwp_a,psi_qwp_a,psi_hwp_b,psi_qwp_b
0.7987099966753711,90,13.749063773892773,22.436912352332833,-7.939802418269625,6.3041100655169595
