theta_estimate,delta_phi_estimate
41.54393325368301,37.26142853662652
