theta,delta_phi,psi_hwp_a,psi_qwp_a,psi_hwp_b,psi_qwp_b
0.8519573297870625,90,14.642308174908507,23.965384595050114,-8.32197535625311,6.988715724214294
