theta_estimate,delta_phi_estimate
43.62503969772642,37.45730200886952
