theta_estimate,delta_phi_estimate
86.59069298850112,85.63535315368402
