theta_estimate,delta_phi_estimate
158.35490134678238,56.32878589958173
