theta_estimate,delta_phi_estimate
94.60508352550751,85.61886540894125
