theta_estimate,delta_phi_estimate
12.341195410697186,51.03477426508135
