theta_estimate,delta_phi_estimate
56.74451487015712,36.309446659828566
