theta_estimate,delta_phi_estimate
91.382912850892,85.21908466222484
