theta_estimate,delta_phi_estimate
86.30572828077717,72.51895784668697
