theta_estimate,delta_phi_estimate
86.07392468142413,57.000498329043005
