theta_estimate,delta_phi_estimate
78.69597690208415,85.02021366782876
