theta_estimate,delta_phi_estimate
87.16270570840084,49.9585982880683
