theta_estimate,delta_phi_estimate
87.151318208428,51.56121467107468
