theta_estimate,delta_phi_estimate
63.19539369057882,85.07778829505219
