theta_estimate,delta_phi_estimate
159.8986733184779,44.57026553758209
