theta_estimate,delta_phi_estimate
86.90918589490455,85.13782230199514
