theta_estimate,delta_phi_estimate
37.124388810085904,84.3553395157377
