theta_estimate,delta_phi_estimate
103.77612859088937,85.70302300824005
