theta_estimate,delta_phi_estimate
117.20425142450759,49.96793685677002
