theta_estimate,delta_phi_estimate
86.44516035892936,73.95777657297265
