theta_estimate,delta_phi_estimate
87.32935300640091,72.92565670317354
