theta,delta_phi,psi_hwp_a,psi_qwp_a,psi_hwp_b,psi_qwp_b
0.7853981633974483,1.5707963267948966,13.52503267170461,22.05558247447343,-0.23341722702592246,16.147043102140614
