theta_estimate,delta_phi_estimate
42.94656227591834,50.158221865965
