theta_estimate,delta_phi_estimate
107.3542296319879,49.182960130163224
