theta_estimate,delta_phi_estimate
86.3056181434537,84.79115390825879
