theta_estimate,delta_phi_estimate
152.66350015228943,18.178642952154597
