theta,delta_phi,psi_hwp_a,psi_qwp_a,psi_hwp_b,psi_qwp_b
1.4909253271273595,90,24.858480545988254,42.64006859472799,-1.7011484485185164,34.91083195765738
