theta_estimate,delta_phi_estimate
81.56744139756348,36.83623008399071
