theta_estimate,delta_phi_estimate
86.8233600599163,71.83358552782985
