theta_estimate,delta_phi_estimate
41.616829790304834,84.55311623842682
