theta_estimate,delta_phi_estimate
123.91665393194738,37.213461053627476
