theta_estimate,delta_phi_estimate
89.59702955573543,10.747996189243826
