theta_estimate,delta_phi_estimate
87.05928357353488,36.619342758594634
