theta_estimate,delta_phi_estimate
86.76467121692616,84.52438983044456
