theta_estimate,delta_phi_estimate
85.91432424612817,73.38679565476455
