theta_estimate,delta_phi_estimate
86.76743861131067,61.9148042365266
