theta_estimate,delta_phi_estimate
86.5638719321386,83.01510832297066
