theta_estimate,delta_phi_estimate
86.62615940492493,59.84547652328347
