theta_estimate,delta_phi_estimate
56.05646367919827,11.607657699983509
50.615772720197924,11.145783819035133
59.4949560537663,14.270821369961142
