theta,delta_phi,psi_hwp_a,psi_qwp_a,psi_hwp_b,psi_qwp_b
1.0649466622338282,1.5707963267948966,18.162103877227164,30.128592297281042,1.5222159928887413,24.384032025714237
