theta_estimate,delta_phi_estimate
57.48931420919864,49.36910102595927
