theta_estimate,delta_phi_estimate
150.25070586541452,52.41134478590942
