theta_estimate,delta_phi_estimate
148.827112126609,39.8957058549718
