theta,delta_phi,psi_hwp_a,psi_qwp_a,psi_hwp_b,psi_qwp_b
0.5324733311169141,90,9.222649036395836,14.868370316319698,-5.597023782072573,3.6566062350759614
