theta_estimate,delta_phi_estimate
27.90108270651511,40.48968383701929
