theta_estimate,delta_phi_estimate
87.1063882929867,72.16481640520377
