theta_estimate,delta_phi_estimate
86.90477412930491,60.207447202554825
