theta_estimate,delta_phi_estimate
129.76535557073382,37.88797514366964
