theta_estimate,delta_phi_estimate
144.30974263503938,20.422155428503196
