theta,delta_phi,psi_hwp_a,psi_qwp_a,psi_hwp_b,psi_qwp_b,measurement_time,repetitions
0.6389679973402969,0,11.043786753283099,17.881483741633147,-13.018450473214541,-14.965334860579606,0.0001,5000
