theta_estimate,delta_phi_estimate
23.97743352928098,20.422155428503196
