theta_estimate,delta_phi_estimate
171.82876644005026,44.57026553758209
