theta_estimate,delta_phi_estimate
28.200642694895052,19.5162921622729
