theta_estimate,delta_phi_estimate
174.47864477701802,59.858881859446846
