theta_estimate,delta_phi_estimate
86.36617086079161,78.3703314307242
