theta_estimate,delta_phi_estimate
86.83716082977939,68.52621763114986
