theta,delta_phi,psi_hwp_a,psi_qwp_a,psi_hwp_b,psi_qwp_b
2.609119322472879,1.5707963267948966,39.35427872007614,75.13162968368029,34.10166473425504,79.7868404915444
