theta_estimate,delta_phi_estimate
147.39683165171218,52.22900585769213
