theta_estimate,delta_phi_estimate
41.54351055981108,81.40750578589487
