theta_estimate,delta_phi_estimate
65.63899557542317,36.79273628171249
