theta_estimate,delta_phi_estimate
41.446695963155534,73.55738927658871
