theta_estimate,delta_phi_estimate
168.86689130487574,43.55082211183538
