theta_estimate,delta_phi_estimate
41.8290502253515,77.022584954527
