theta_estimate,delta_phi_estimate
22.113303924200125,23.349979294550558
