theta_estimate,delta_phi_estimate
43.39833541421513,53.233475138419514
