theta_estimate,delta_phi_estimate
45.92924773419642,14.420554204789907
