theta_estimate,delta_phi_estimate
86.99386133119702,67.95987503395926
