theta_estimate,delta_phi_estimate
62.81579037363115,11.607657699983509
