theta_estimate,delta_phi_estimate
86.76695245005021,55.86726469551278
