theta_estimate,delta_phi_estimate
42.49090514062762,84.73278505140895
