theta_estimate,delta_phi_estimate
87.19728090023818,58.68577156466215
