theta_estimate,delta_phi_estimate
23.630711190347224,83.04645735578252
