theta_estimate,delta_phi_estimate
85.17472760216675,28.047126383067766
