theta_estimate,delta_phi_estimate
86.31075733495642,78.3703314307242
