theta_estimate,delta_phi_estimate
85.87110647098372,49.5875928471673
