theta_estimate,delta_phi_estimate
132.29342914512108,14.683705452802084
