theta_estimate,delta_phi_estimate
117.01877198760305,85.53204304630634
