theta_estimate,delta_phi_estimate
123.24483427442813,13.477935430872051
