theta_estimate,delta_phi_estimate
42.04092710864928,54.61680654218348
