theta_estimate,delta_phi_estimate
150.66847733082224,22.143931538944084
