theta_estimate,delta_phi_estimate
66.04046386860252,0.0
66.04046386860252,16.54258264340555
70.73430549010199,10.366525497881398
