theta_estimate,delta_phi_estimate
87.090334316262,53.434904343287556
