theta_estimate,delta_phi_estimate
86.44099906205413,62.42531938409411
