theta,delta_phi,psi_hwp_a,psi_qwp_a,psi_hwp_b,psi_qwp_b
1.5707963267948966,-1.2513123281247482,26.049999999999997,45.0,-5.223728813559322,-44.99999999999999
