theta_estimate,delta_phi_estimate
87.12967655880672,54.59430814384123
