theta_estimate,delta_phi_estimate
54.22174081807072,85.4905923030142
