theta_estimate,delta_phi_estimate
85.3816827529263,15.254402418991154
