theta,delta_phi,psi_hwp_a,psi_qwp_a,psi_hwp_b,psi_qwp_b
1.5707963267948966,1.2246886615689023,26.049999999999997,45.0,42.21525423728813,44.99999999999997
