theta_estimate,delta_phi_estimate
86.63728331993012,49.62521289146172
