theta_estimate,delta_phi_estimate
23.97743352928098,44.57026553758209
20.101326681522107,0.0
20.101326681522107,34.860241695139976
20.101326681522107,0.0
