theta_estimate,delta_phi_estimate
70.29337607733216,11.278012721354758
