theta_estimate,delta_phi_estimate
86.66718675813749,47.386632340775414
