theta_estimate,delta_phi_estimate
86.10198584187557,63.66250292607043
