theta,delta_phi,psi_hwp_a,psi_qwp_a,psi_hwp_b,psi_qwp_b
2.076645991355965,90,33.03351157994612,59.87140770271896,24.978028372261033,79.26773056358974
