theta_estimate,delta_phi_estimate
116.88789790655046,37.630209252250815
