theta,delta_phi,psi_hwp_a,psi_qwp_a,psi_hwp_b,psi_qwp_b
1.5707963267948966,-0.23961299900261146,26.049999999999997,45.0,35.73220338983051,44.99999999999998
