theta_estimate,delta_phi_estimate
86.34755292949808,80.9422222514892
