theta_estimate,delta_phi_estimate
75.11780493919893,85.74922250649725
