theta_estimate,delta_phi_estimate
44.51945962568383,37.45730200886952
