theta,delta_phi,psi_hwp_a,psi_qwp_a,psi_hwp_b,psi_qwp_b
1.4909253271273595,1.5707963267948966,24.858480545988254,42.64006859472799,8.051453499624875,41.39119303615159
