theta_estimate,delta_phi_estimate
81.55536921994928,48.87603330387814
