theta_estimate,delta_phi_estimate
86.46447890691519,48.80934530836025
