theta_estimate,delta_phi_estimate
17.85231251396441,55.03455353266257
