theta_estimate,delta_phi_estimate
41.840190814825874,72.81306964563208
