theta_estimate,delta_phi_estimate
86.55356618475668,66.20270123426369
