theta,delta_phi,psi_hwp_a,psi_qwp_a,psi_hwp_b,psi_qwp_b
1.5707963267948966,-0.6655916638961427,26.049999999999997,45.0,6.367796610169478,44.999999999999986
