theta,delta_phi,psi_hwp_a,psi_qwp_a,psi_hwp_b,psi_qwp_b
1.6506673264624336,1.5707963267948966,27.218411951260254,47.359931405272,11.660260463473293,48.60880696384841
