theta_estimate,delta_phi_estimate
90.6554474267401,48.990197879741615
