theta_estimate,delta_phi_estimate
48.70786945709479,22.481206230515575
