theta_estimate,delta_phi_estimate
41.21428013658759,84.43167651136119
