theta_estimate,delta_phi_estimate
42.77194306401006,80.99254556633868
