theta_estimate,delta_phi_estimate
91.3621652192396,85.21908466222484
