theta_estimate,delta_phi_estimate
85.52128958087349,23.564498777429634
