theta_estimate,delta_phi_estimate
166.60516644729583,71.57867789043729
