theta_estimate,delta_phi_estimate
84.62658084562857,12.55954857701751
