theta,delta_phi,psi_hwp_a,psi_qwp_a,psi_hwp_b,psi_qwp_b
2.875355988031336,90,42.22289199847456,82.5955344120182,40.43034243492936,88.3004159821776
