theta_estimate,delta_phi_estimate
160.75798022280824,48.006341360919166
