theta,delta_phi,psi_hwp_a,psi_qwp_a,psi_hwp_b,psi_qwp_b
0.7853981633974483,1.1181939953455196,13.52503267170461,22.05558247447343,6.229483427319328,21.10842281259633
