theta_estimate,delta_phi_estimate
42.31968757030119,61.72967062923249
