theta_estimate,delta_phi_estimate
86.20575227228117,85.82042484580134
