theta_estimate,delta_phi_estimate
87.16976581146159,73.96370772829094
