theta_estimate,delta_phi_estimate
43.02101239981306,60.11419976528102
