theta_estimate,delta_phi_estimate
86.04471221780827,74.91832364636996
