theta,delta_phi,psi_hwp_a,psi_qwp_a,psi_hwp_b,psi_qwp_b
1.2246886615689023,0,20.73429409044615,34.797656763639246,25.381362987799264,32.52244158434212
