theta_estimate,delta_phi_estimate
104.06304192803431,36.94270228506927
