theta_estimate,delta_phi_estimate
66.04046386860252,0.0
81.24067372351213,17.580539668255746
82.70930309994775,9.730762995569496
