theta_estimate,delta_phi_estimate
82.70930309994775,9.730762995569496
