theta,delta_phi,psi_hwp_a,psi_qwp_a,psi_hwp_b,psi_qwp_b
0.9584519960104453,1.5707963267948966,16.413670195981428,27.037347931413066,0.6561445287115605,20.99037490136668
