theta_estimate,delta_phi_estimate
50.24240876190981,49.22582467639878
