theta_estimate,delta_phi_estimate
84.8487350159256,19.49299394747979
