theta,delta_phi,psi_hwp_a,psi_qwp_a,psi_hwp_b,psi_qwp_b
0.7853981633974483,0.8519573297870625,13.52503267170461,22.05558247447343,9.45326509058541,22.297423207217168
