theta_estimate,delta_phi_estimate
42.79420882739511,68.73020612260858
