theta_estimate,delta_phi_estimate
86.74600952334383,83.8685821652578
