theta_estimate,delta_phi_estimate
86.62097936735036,74.8627083540642
