theta_estimate,delta_phi_estimate
85.58484900530462,22.20467142716156
