theta_estimate,delta_phi_estimate
86.27685069231718,76.0437133446592
