theta_estimate,delta_phi_estimate
40.92098295458593,83.25697859405531
