theta_estimate,delta_phi_estimate
42.51076950522217,66.10506793264649
