theta_estimate,delta_phi_estimate
164.6803804699827,44.57026553758209
