theta_estimate,delta_phi_estimate
86.77620450354183,76.60626512997305
