theta_estimate,delta_phi_estimate
86.46073832463055,61.11328452459285
