theta_estimate,delta_phi_estimate
86.8941339955075,63.135651812657734
