theta_estimate,delta_phi_estimate
132.24813402255313,49.59396786315037
