theta_estimate,delta_phi_estimate
85.91920360277534,55.70645722081512
