theta_estimate,delta_phi_estimate
86.71534861235575,84.52438983044456
