theta_estimate,delta_phi_estimate
6.970053895052681,59.294344376155365
