theta,delta_phi,psi_hwp_a,psi_qwp_a,psi_hwp_b,psi_qwp_b
3.0883453204781017,1.5707963267948966,44.44756626442428,88.52110099593709,43.92672231411495,89.03534005909557
