theta_estimate,delta_phi_estimate
168.66457905835432,77.60260602543094
