theta_estimate,delta_phi_estimate
86.99836955152331,60.40632620247758
