theta_estimate,delta_phi_estimate
86.46903136722528,51.13613313064605
