theta_estimate,delta_phi_estimate
43.255198583439224,61.72967062923249
