theta_estimate,delta_phi_estimate
85.10049281487967,16.4293847572144
