theta_estimate,delta_phi_estimate
41.550104812325,66.10506793264649
