theta_estimate,delta_phi_estimate
57.791965997959466,14.75020981151751
