theta_estimate,delta_phi_estimate
85.46868022227055,74.71134930104381
