theta_estimate,delta_phi_estimate
97.30876163636677,85.83521466697566
