theta_estimate,delta_phi_estimate
154.2846479000093,22.476954535587467
