theta_estimate,delta_phi_estimate
41.90873134229186,79.12216013531432
