theta_estimate,delta_phi_estimate
86.90976077830017,10.648671006612373
