theta_estimate,delta_phi_estimate
86.54456212029214,76.60744233924162
