theta_estimate,delta_phi_estimate
87.71966860723873,57.62836567279529
