theta_estimate,delta_phi_estimate
52.47338269899065,36.81387164629075
