theta_estimate,delta_phi_estimate
85.77450940959241,45.80702816450959
