theta,delta_phi,psi_hwp_a,psi_qwp_a,psi_hwp_b,psi_qwp_b
1.5707963267948966,-0.638967997340297,26.049999999999997,45.0,41.452542372881354,44.99999999999998
