theta_estimate,delta_phi_estimate
86.65366535098613,71.14445844070273
