theta_estimate,delta_phi_estimate
85.69075477346716,39.61847408109006
