theta,delta_phi,psi_hwp_a,psi_qwp_a,psi_hwp_b,psi_qwp_b
0.9052046628987539,90,15.530645987431047,25.498885750321033,-8.660051255751068,7.752417701299139
