theta_estimate,delta_phi_estimate
47.15370871464036,36.607488815644814
