theta_estimate,delta_phi_estimate
85.96552138927805,69.67383698903444
