theta_estimate,delta_phi_estimate
42.18614934645397,84.43167651136119
