theta_estimate,delta_phi_estimate
141.887652573696,19.202679103356804
