theta_estimate,delta_phi_estimate
86.56270951886027,69.26063485241777
