theta_estimate,delta_phi_estimate
106.59546609634624,11.721860586850854
