theta_estimate,delta_phi_estimate
6.829100270095531,80.46516113628923
