{
    "alpha": {
        "real": 0.7071067811865475,
        "imag": 0.0
    },
    "beta": {
        "real": 0.0,
        "imag": 0.7071067811865475
    },
    "psi_compensated_a": {
        "real": [
            [
                0.7016846424668167
            ],
            [
                0.0873994423678737
            ]
        ],
        "imag": [
            [
                0.0873994423678737
            ],
            [
                0.7016846424668167
            ]
        ]
    },
    "psi_compensated_b": {
        "real": [
            [
                -0.23720007973007745
            ],
            [
                0.6661352131332232
            ]
        ],
        "imag": [
            [
                0.6661352131332232
            ],
            [
                -0.23720007973007745
            ]
        ]
    },
    "psi_hwp_a": 3.549999999999983,
    "psi_qwp_a": 45.0,
    "psi_hwp_b": -9.8,
    "psi_qwp_b": -45.0
}