theta_estimate,delta_phi_estimate
84.86365074342748,23.078995965952835
