theta_estimate,delta_phi_estimate
12.860659899613568,60.40288552685405
