theta_estimate,delta_phi_estimate
70.73430549010199,10.366525497881398
