theta_estimate,delta_phi_estimate
155.31495329436058,54.58132999469045
