theta_estimate,delta_phi_estimate
86.68524883459772,79.53428478351871
