theta_estimate,delta_phi_estimate
41.585374982944664,84.72840765650953
