theta_estimate,delta_phi_estimate
87.04343431930884,60.40632620247758
