theta_estimate,delta_phi_estimate
155.11561874739388,53.05631378266845
