theta_estimate,delta_phi_estimate
82.70930309994775,9.19924990151734
