theta_estimate,delta_phi_estimate
78.28488080897003,0.0
82.70930309994775,0.0
82.70930309994775,9.19924990151734
