theta_estimate,delta_phi_estimate
86.3975129764818,69.50521119395678
