theta_estimate,delta_phi_estimate
110.36341492412421,36.54232836967249
