theta_estimate,delta_phi_estimate
86.95555772530446,61.86689810631954
