theta_estimate,delta_phi_estimate
24.001808378958412,52.150254375589874
