theta_estimate,delta_phi_estimate
8.171233559949766,90.0
8.171233559949766,0.0
