theta_estimate,delta_phi_estimate
42.05641023496887,79.85009165469616
