theta_estimate,delta_phi_estimate
104.40157926326395,49.129492023218
