theta_estimate,delta_phi_estimate
151.34820775219148,85.33989987089512
