theta_estimate,delta_phi_estimate
42.604780496561794,0.0
44.71136812588858,0.0
62.81579037363115,10.03356786586669
