theta,delta_phi,psi_hwp_a,psi_qwp_a,psi_hwp_b,psi_qwp_b
2.5558719893611874,1.5707963267948966,38.76208312305712,73.62733632039671,32.97190848878883,78.62651122135013
