theta_estimate,delta_phi_estimate
145.914625498804,51.31004653454073
