theta_estimate,delta_phi_estimate
46.33903232795476,36.607488815644814
