theta_estimate,delta_phi_estimate
87.02159234557358,85.20394718741046
