theta,delta_phi,psi_hwp_a,psi_qwp_a,psi_hwp_b,psi_qwp_b,measurement_time
1.382300767579509,0,23.202832557091465,39.433993074928566,-28.63702821930608,-38.085512931133714,10
