theta_estimate,delta_phi_estimate
86.52513985128279,76.32187023651939
