theta_estimate,delta_phi_estimate
136.3709796820182,38.336849091832946
