theta_estimate,delta_phi_estimate
157.2875204242765,54.58132999469045
