theta_estimate,delta_phi_estimate
86.64003877618747,59.29744794841452
