theta_estimate,delta_phi_estimate
86.01553024764372,85.84857444087321
