theta,delta_phi,psi_hwp_a,psi_qwp_a,psi_hwp_b,psi_qwp_b
1.5707963267948966,1.0649466622338282,26.049999999999997,45.0,17.045762711864413,45.0
