theta_estimate,delta_phi_estimate
86.92861948756797,52.25367242021721
