theta_estimate,delta_phi_estimate
86.47035806733238,70.92253598007422
