theta_estimate,delta_phi_estimate
152.67261000432134,84.77277833993249
