theta_estimate,delta_phi_estimate
86.58532340397537,85.67301462676016
