theta_estimate,delta_phi_estimate
64.43898155644601,13.07203575825892
