theta,delta_phi,psi_hwp_a,psi_qwp_a,psi_hwp_b,psi_qwp_b
2.4493773231378047,1.5707963267948966,37.554389356632534,70.60496314782105,30.675516325852424,76.17284699358292
