theta_estimate,delta_phi_estimate
139.41193253795615,51.26530400745802
