theta_estimate,delta_phi_estimate
86.24972429950651,45.18524998471871
