theta,delta_phi,psi_hwp_a,psi_qwp_a,psi_hwp_b,psi_qwp_b
0.42597866489353126,0,7.390582652764187,11.872304739084633,8.628199680955847,9.686882000151353
