theta_estimate,delta_phi_estimate
59.4949560537663,14.270821369961142
