theta_estimate,delta_phi_estimate
42.312600640431064,58.62056177490341
