theta_estimate,delta_phi_estimate
87.10378191495563,65.47835891217537
