theta,delta_phi,psi_hwp_a,psi_qwp_a,psi_hwp_b,psi_qwp_b
0.7853981633974483,1.4909253271273595,13.52503267170461,22.05558247447343,0.9939449104807376,17.338598847743924
