theta_estimate,delta_phi_estimate
42.857867196047714,52.291365578686154
