theta_estimate,delta_phi_estimate
86.17990159764004,81.37243419995521
