theta,delta_phi,psi_hwp_a,psi_qwp_a,psi_hwp_b,psi_qwp_b,measurement_time
0.7853981633974483,0.37699111843077515,13.52503267170461,22.05558247447343,-10.52571318873299,-22.46506505760952,10
