theta_estimate,delta_phi_estimate
86.03085421580538,28.057116748076016
