theta_estimate,delta_phi_estimate
60.932740897460675,84.62487582846474
