theta,delta_phi,psi_hwp_a,psi_qwp_a,psi_hwp_b,psi_qwp_b
1.5707963267948966,-1.5441726602390509,26.049999999999997,45.0,31.537288135593215,44.99999999999999
