theta_estimate,delta_phi_estimate
86.55317957397683,85.96490802587711
