theta,delta_phi,psi_hwp_a,psi_qwp_a,psi_hwp_b,psi_qwp_b
1.7571619926858164,1.5707963267948966,28.738876138203246,50.503206479081804,14.253143149904547,53.305726668626676
