theta_estimate,delta_phi_estimate
115.56101844355399,9.730762995569496
104.70291211476601,9.453818056955944
