theta_estimate,delta_phi_estimate
104.70291211476601,9.453818056955944
