theta_estimate,delta_phi_estimate
87.16852138677964,84.63092625502242
