theta_estimate,delta_phi_estimate
86.24243442640622,80.37682388442235
