theta_estimate,delta_phi_estimate
79.86800821262112,10.69740026189084
