theta_estimate,delta_phi_estimate
149.81274312259677,85.33989987089512
