theta,delta_phi,psi_hwp_a,psi_qwp_a,psi_hwp_b,psi_qwp_b
0.7454626635636797,1.5707963267948966,12.851308630373127,20.913478845937853,-0.36258382762018715,15.130973315582121
