theta_estimate,delta_phi_estimate
39.04853481265898,49.95144720571979
