theta_estimate,delta_phi_estimate
78.28488080897003,0.0
66.04046386860252,0.0
57.791965997959466,14.75020981151751
