theta_estimate,delta_phi_estimate
86.52206154315903,51.13613313064605
