theta_estimate,delta_phi_estimate
141.7583425817811,39.205726214737304
