theta_estimate,delta_phi_estimate
79.76621937589276,0.0
66.04046386860252,10.03356786586669
54.28481999303462,0.0
