theta_estimate,delta_phi_estimate
86.8063573289707,69.91326619969513
