theta_estimate,delta_phi_estimate
85.5429634557551,18.12514657018155
