theta_estimate,delta_phi_estimate
86.34926471763238,75.5401935256526
