theta_estimate,delta_phi_estimate
103.9901542690737,85.70302300824005
