theta,delta_phi,psi_hwp_a,psi_qwp_a,psi_hwp_b,psi_qwp_b
2.3961299900261133,1.5707963267948966,36.93782978443527,69.08652115406214,29.50644285679769,74.86902668441788
