theta_estimate,delta_phi_estimate
129.38422727980208,14.75020981151751
125.71518000696538,0.0
123.94353632080175,10.03356786586669
