theta_estimate,delta_phi_estimate
86.82916418468278,78.08707201455078
