theta_estimate,delta_phi_estimate
90.66542930506893,48.990197879741615
