theta_estimate,delta_phi_estimate
86.44785988993846,63.118499509654306
