theta_estimate,delta_phi_estimate
26.205626020541505,40.48968383701929
