theta_estimate,delta_phi_estimate
41.080353750910646,84.44294104277868
