theta,delta_phi,psi_hwp_a,psi_qwp_a,psi_hwp_b,psi_qwp_b
1.5707963267948966,-0.8785809963429083,26.049999999999997,45.0,12.469491525423729,45.0
