theta_estimate,delta_phi_estimate
30.351221917337636,0.0
40.410340977200406,20.422155428503196
48.70786945709479,12.734902619155687
