theta_estimate,delta_phi_estimate
48.70786945709479,12.734902619155687
