theta_estimate,delta_phi_estimate
113.9595361313975,14.270821369961142
112.37770951151238,9.730762995569496
106.21173709492504,23.776128353464095
