theta,delta_phi,psi_hwp_a,psi_qwp_a,psi_hwp_b,psi_qwp_b
2.875355988031336,1.5707963267948966,42.22289199847456,82.5955344120182,39.61399971125969,85.11026018453411
