theta_estimate,delta_phi_estimate
163.53366845571622,58.62555093756409
