theta_estimate,delta_phi_estimate
84.81553887332791,10.84974668305766
