theta_estimate,delta_phi_estimate
117.33119716191456,37.630209252250815
