theta_estimate,delta_phi_estimate
169.50164253485698,63.82503993813851
