theta_estimate,delta_phi_estimate
50.93564704693434,85.19737983390498
