theta_estimate,delta_phi_estimate
87.00126642133769,61.86689810631954
