theta_estimate,delta_phi_estimate
42.54487109842089,84.72840765650953
