theta_estimate,delta_phi_estimate
42.49356908352381,80.23028244026654
