theta_estimate,delta_phi_estimate
86.0172400379371,84.05327121562577
