theta,delta_phi,psi_hwp_a,psi_qwp_a,psi_hwp_b,psi_qwp_b
0.10649466622338281,90,1.8526838656301161,2.958301451720391,-1.1552308771412518,0.6668772218308426
