theta_estimate,delta_phi_estimate
10.749652770943849,67.83618314157354
