theta_estimate,delta_phi_estimate
86.83103482528186,77.35507060279977
