theta_estimate,delta_phi_estimate
144.38452794903287,39.585653151250334
