theta,delta_phi,psi_hwp_a,psi_qwp_a,psi_hwp_b,psi_qwp_b,measurement_time,power,temperature
0.7853981633974483,0.19634954084936207,13.52503267170461,22.05558247447343,-13.872423841721405,-21.88293198281188,90,10,32.7C
