theta_estimate,delta_phi_estimate
39.13482031268118,84.81790835240214
