theta,delta_phi,psi_hwp_a,psi_qwp_a,psi_hwp_b,psi_qwp_b
0.7853981633974483,0.9584519960104453,13.52503267170461,22.05558247447343,8.216773679474233,21.95443420743916
