theta,delta_phi,psi_hwp_a,psi_qwp_a,psi_hwp_b,psi_qwp_b,measurement_time,repetitions
0.7853981633974483,0.0,13.52503267170461,22.05558247447343,-16.079860842565548,-18.886848588446806,0.0001,20000
