theta_estimate,delta_phi_estimate
66.95323906918847,11.060782090049457
