theta_estimate,delta_phi_estimate
86.95519545191199,62.167706316653096
