theta_estimate,delta_phi_estimate
31.47297361272804,84.36077515177874
