theta,delta_phi,psi_hwp_a,psi_qwp_a,psi_hwp_b,psi_qwp_b
1.2246886615689023,90,20.73429409044615,34.797656763639246,-8.8805902229466,15.565007787009492
