theta_estimate,delta_phi_estimate
86.31469440942095,75.43434656722454
