theta_estimate,delta_phi_estimate
86.5012088271444,63.118499509654306
