theta,delta_phi,psi_hwp_a,psi_qwp_a,psi_hwp_b,psi_qwp_b,measurement_time
2.261946710584651,0,35.34270115735544,65.2378194856656,-41.503328994798586,-68.43529097997134,10
