theta_estimate,delta_phi_estimate
86.10882466966207,55.53677948972485
