theta,delta_phi,psi_hwp_a,psi_qwp_a,psi_hwp_b,psi_qwp_b
1.5707963267948966,0.9584519960104453,26.049999999999997,45.0,-4.842372881355929,-44.99999999999998
