theta_estimate,delta_phi_estimate
86.77148187845124,54.739434031810696
