theta_estimate,delta_phi_estimate
9.431850577371812,74.6907108091123
