theta_estimate,delta_phi_estimate
85.72270600831536,32.26528374710966
