theta_estimate,delta_phi_estimate
86.61955534090785,57.4712481443511
