theta_estimate,delta_phi_estimate
113.50091067613445,36.74404696205111
