theta_estimate,delta_phi_estimate
86.54873961750769,83.1768821805907
