theta,delta_phi,psi_hwp_a,psi_qwp_a,psi_hwp_b,psi_qwp_b
0.47922599800522264,90,8.307822424418337,13.368349898783302,-5.0720529038926125,3.228482270729858
