theta_estimate,delta_phi_estimate
25.221233819316936,41.33792014915806
