theta_estimate,delta_phi_estimate
86.78082685331694,78.08707201455078
