theta_estimate,delta_phi_estimate
91.4543637758213,9.730762995569496
