theta,delta_phi,psi_hwp_a,psi_qwp_a,psi_hwp_b,psi_qwp_b
2.3961299900261133,90,36.93782978443527,69.08652115406214,31.794193323790697,84.31574478846538
