theta_estimate,delta_phi_estimate
86.87105744624931,71.83358552782985
