theta,delta_phi,psi_hwp_a,psi_qwp_a,psi_hwp_b,psi_qwp_b
1.5707963267948966,-0.9850756625662911,26.049999999999997,45.0,-1.4101694915254062,-44.999999999999964
