theta_estimate,delta_phi_estimate
86.81597738992306,61.9148042365266
