theta_estimate,delta_phi_estimate
41.966697452520606,85.17165856068017
