theta_estimate,delta_phi_estimate
86.23074601238606,80.71278140312532
