theta_estimate,delta_phi_estimate
88.1996899432014,86.00701659710192
