theta_estimate,delta_phi_estimate
42.678076001472654,85.7805515544898
