theta_estimate,delta_phi_estimate
86.86207089829112,85.13782230199514
