theta,delta_phi,psi_hwp_a,psi_qwp_a,psi_hwp_b,psi_qwp_b
1.5707963267948966,0.9318283294545996,26.049999999999997,45.0,18.952542372881346,45.0
