theta_estimate,delta_phi_estimate
86.54633062951856,66.38687353651572
