theta,delta_phi,psi_hwp_a,psi_qwp_a,psi_hwp_b,psi_qwp_b
2.768861321807953,90,41.09133581712287,79.6201030214578,38.57831391404591,87.56617045050136
