theta_estimate,delta_phi_estimate
135.18075985214946,15.498782246238
