theta_estimate,delta_phi_estimate
42.504393905888,81.40750578589487
