theta,delta_phi,psi_hwp_a,psi_qwp_a,psi_hwp_b,psi_qwp_b
1.2246886615689023,1.5707963267948966,20.73429409044615,34.797656763639246,3.3724803304720012,30.145875494380522
