theta_estimate,delta_phi_estimate
65.60628611994679,48.935656876351175
