theta,delta_phi,psi_hwp_a,psi_qwp_a,psi_hwp_b,psi_qwp_b
1.331183327792285,90,22.41044195178526,37.92780219240522,-7.436058183096352,20.858541546855026
