theta_estimate,delta_phi_estimate
70.9088912968267,36.1105055146559
