theta_estimate,delta_phi_estimate
85.80030760235712,46.3925267796968
