theta_estimate,delta_phi_estimate
35.95590373528107,84.3553395157377
