theta_estimate,delta_phi_estimate
151.3337474212998,40.99939137499304
