theta,delta_phi,psi_hwp_a,psi_qwp_a,psi_hwp_b,psi_qwp_b
2.8221086549196444,90,41.659311612104595,81.10924740736904,39.507051815771604,87.93942666830652
