theta_estimate,delta_phi_estimate
101.16391253167542,49.39535357887986
