theta_estimate,delta_phi_estimate
129.63699088793467,14.175366478066717
