theta_estimate,delta_phi_estimate
86.34521878984575,47.01068707833598
