theta_estimate,delta_phi_estimate
59.60483478893258,49.213045801844096
