theta,delta_phi,psi_hwp_a,psi_qwp_a,psi_hwp_b,psi_qwp_b
1.5707963267948966,1.0116993291221368,26.049999999999997,45.0,-3.3169491525423576,-44.999999999999964
