theta_estimate,delta_phi_estimate
38.0090287671121,38.658062332069
