theta_estimate,delta_phi_estimate
41.42592857789882,76.83713632803574
