theta_estimate,delta_phi_estimate
87.13401601740115,53.434904343287556
