theta_estimate,delta_phi_estimate
74.84639483693292,36.20930032997507
