theta_estimate,delta_phi_estimate
86.89770189023987,63.82533283445147
