theta_estimate,delta_phi_estimate
126.91307064846602,37.30576550374889
