theta_estimate,delta_phi_estimate
86.33102188060532,39.424687340082535
