theta,delta_phi,psi_hwp_a,psi_qwp_a,psi_hwp_b,psi_qwp_b
0.7853981633974483,0.985075662566291,13.52503267170461,22.05558247447343,7.8964752822184225,21.8417235732217
