theta_estimate,delta_phi_estimate
43.316805711939644,64.36850765968663
