theta_estimate,delta_phi_estimate
158.52346747683418,47.479627574458526
