theta_estimate,delta_phi_estimate
113.49146605977141,85.58985860877674
