theta_estimate,delta_phi_estimate
86.35652468267699,76.8768322869949
