theta_estimate,delta_phi_estimate
85.59045241035552,38.66992417407938
