theta_estimate,delta_phi_estimate
61.740173055745444,36.677935463316764
