theta_estimate,delta_phi_estimate
85.63315068381198,19.5845528370746
95.8268692749207,9.453818056955944
98.75932627648788,8.964198722388934
