theta_estimate,delta_phi_estimate
86.84678909509198,63.135651812657734
