theta,delta_phi,psi_hwp_a,psi_qwp_a,psi_hwp_b,psi_qwp_b,measurement_time
2.764601535159018,0,41.04568716518548,79.50083566248654,-44.09921865372864,-81.47141126135995,10
