theta_estimate,delta_phi_estimate
78.52151221277279,85.02021366782876
