theta_estimate,delta_phi_estimate
114.06016604845227,49.263912579617305
