theta_estimate,delta_phi_estimate
86.16551464703736,45.562017642133696
