theta,delta_phi,psi_hwp_a,psi_qwp_a,psi_hwp_b,psi_qwp_b
1.5707963267948966,-0.26623666555845715,26.049999999999997,45.0,-39.927118644067804,-44.99999999999997
