theta_estimate,delta_phi_estimate
84.53154274228227,20.68351527968741
