theta,delta_phi,psi_hwp_a,psi_qwp_a,psi_hwp_b,psi_qwp_b
0.26623666555845704,90,4.627357586456371,7.404465587981805,-2.8700735472482326,1.6995840178224126
