theta_estimate,delta_phi_estimate
15.79562707276942,51.03477426508135
