theta_estimate,delta_phi_estimate
135.28863187411142,12.734902619155687
