theta_estimate,delta_phi_estimate
87.14726139506098,65.47835891217537
