theta_estimate,delta_phi_estimate
85.74945386417937,79.55793893637073
