theta_estimate,delta_phi_estimate
174.51706771153388,77.60260602543094
