theta_estimate,delta_phi_estimate
135.28863187411142,12.734902619155687
137.3952195034382,0.0
123.94353632080175,0.0
