theta_estimate,delta_phi_estimate
116.58135955222569,85.53204304630634
