theta_estimate,delta_phi_estimate
41.77458520806325,75.40970559428744
