theta_estimate,delta_phi_estimate
30.351221917337636,16.54258264340555
