theta_estimate,delta_phi_estimate
68.65867045118938,36.63187770182546
