theta_estimate,delta_phi_estimate
86.8139741291549,52.554610312867695
