theta,delta_phi,psi_hwp_a,psi_qwp_a,psi_hwp_b,psi_qwp_b,measurement_time
0.25132741228718347,0,4.368761276729558,6.988758820304125,-5.074123193602349,-5.6266412818250515,10
