theta_estimate,delta_phi_estimate
12.435408288507265,81.69744918726514
