theta_estimate,delta_phi_estimate
141.887652573696,21.908502606759928
