theta_estimate,delta_phi_estimate
109.79641387661944,85.75015181579474
