theta_estimate,delta_phi_estimate
41.90528789453243,62.48090937157311
