theta_estimate,delta_phi_estimate
72.1157133793042,85.5360678276448
