theta_estimate,delta_phi_estimate
86.95672475335827,70.18164884541588
