theta_estimate,delta_phi_estimate
88.22670328564288,86.00701659710192
