theta_estimate,delta_phi_estimate
128.24173461526172,85.70227474876
