theta_estimate,delta_phi_estimate
42.3340423759272,77.21845817928589
