theta,delta_phi,psi_hwp_a,psi_qwp_a,psi_hwp_b,psi_qwp_b
2.9286033211430276,1.5707963267948966,42.782781890832425,84.07939765067819,40.69711224158725,86.10827461692308
