theta_estimate,delta_phi_estimate
169.19802206486202,81.59459583472461
