theta_estimate,delta_phi_estimate
85.84689282053438,65.72462650903134
