theta_estimate,delta_phi_estimate
166.40251898013113,52.859185104843355
