theta_estimate,delta_phi_estimate
33.42173001796905,84.275766946419
