theta_estimate,delta_phi_estimate
137.3952195034382,21.377528703025533
