theta_estimate,delta_phi_estimate
126.0633505212659,85.60636931870445
