theta_estimate,delta_phi_estimate
41.569133851304116,74.2902437077844
