theta,delta_phi,psi_hwp_a,psi_qwp_a,psi_hwp_b,psi_qwp_b
0.21298933244676563,90,3.703384240154238,5.920602349321815,-2.3023109747660415,1.348419069700433
