theta_estimate,delta_phi_estimate
9.84705610340395,52.35517248398435
