theta_estimate,delta_phi_estimate
87.15250338919243,78.83575108624804
