theta_estimate,delta_phi_estimate
133.2575676446551,11.145783819035133
