theta_estimate,delta_phi_estimate
41.169814576425324,50.71319694130824
