theta_estimate,delta_phi_estimate
14.687512963114834,32.0921502552209
