theta_estimate,delta_phi_estimate
86.76825502260888,82.1877849967558
