theta_estimate,delta_phi_estimate
119.04326724105265,85.95530876461373
