theta_estimate,delta_phi_estimate
162.86103191384322,60.10320556608272
