theta_estimate,delta_phi_estimate
104.18099666395874,49.129492023218
