theta,delta_phi,psi_hwp_a,psi_qwp_a,psi_hwp_b,psi_qwp_b
2.768861321807953,1.5707963267948966,41.09133581712287,79.6201030214578,37.43171947152314,83.05934106264039
