theta_estimate,delta_phi_estimate
86.94477019299528,56.21502288629755
