theta_estimate,delta_phi_estimate
125.75104937107307,13.549172760458392
