theta_estimate,delta_phi_estimate
43.021408293293184,67.30902664038993
