theta_estimate,delta_phi_estimate
84.93315277223742,13.006116349714887
