theta,delta_phi,psi_hwp_a,psi_qwp_a,psi_hwp_b,psi_qwp_b
0.7853981633974483,0.5857206642286055,13.52503267170461,22.05558247447343,12.211570372081228,22.430473386947757
