theta_estimate,delta_phi_estimate
42.425260459882125,75.69266167483411
