theta_estimate,delta_phi_estimate
132.5393353404803,85.24587898725567
