{
    "alpha": {
        "real": 0.7071067811865475,
        "imag": 0.0
    },
    "beta": {
        "real": -0.0,
        "imag": -0.7071067811865475
    },
    "psi_compensated_a": {
        "real": [
            [
                0.7016846424668167
            ],
            [
                -0.0873994423678737
            ]
        ],
        "imag": [
            [
                0.0873994423678737
            ],
            [
                -0.7016846424668167
            ]
        ]
    },
    "psi_compensated_b": {
        "real": [
            [
                -0.07084365775983473
            ],
            [
                -0.7035489863223509
            ]
        ],
        "imag": [
            [
                0.7035489863223509
            ],
            [
                0.07084365775983473
            ]
        ]
    },
    "psi_hwp_a": -3.550000000000002,
    "psi_qwp_a": -45.0,
    "psi_hwp_b": 2.8749999999999707,
    "psi_qwp_b": 45.00000000000001
}