theta_estimate,delta_phi_estimate
42.00071232483875,50.158221865965
