theta_estimate,delta_phi_estimate
110.81366755705885,12.734902619155687
110.81366755705885,0.0
