theta_estimate,delta_phi_estimate
86.24869180312619,83.92633847618589
