theta_estimate,delta_phi_estimate
144.78781050577427,18.38048249292667
