theta_estimate,delta_phi_estimate
42.923887120469935,14.057491078382755
