theta_estimate,delta_phi_estimate
30.351221917337636,23.776128353464095
