theta_estimate,delta_phi_estimate
23.97743352928098,0.0
38.11234742630403,0.0
30.351221917337636,23.776128353464095
