theta_estimate,delta_phi_estimate
9.380307530440728,73.54889947155546
