theta,delta_phi,psi_hwp_a,psi_qwp_a,psi_hwp_b,psi_qwp_b
0.6922153304519882,1.5707963267948966,11.949426208811467,19.395036852178933,-0.4973306677304904,13.827153006417081
