theta_estimate,delta_phi_estimate
36.6468612076738,50.23374581401777
