theta_estimate,delta_phi_estimate
141.887652573696,19.202679103356804
156.02256647071903,0.0
156.02256647071903,20.422155428503196
