theta_estimate,delta_phi_estimate
156.02256647071903,20.422155428503196
