theta_estimate,delta_phi_estimate
87.34430143300744,61.27833705915026
