theta,delta_phi,psi_hwp_a,psi_qwp_a,psi_hwp_b,psi_qwp_b,measurement_time
1.1309733552923256,0,19.233125630461338,32.054139286858636,-23.403534469287816,-29.366452240864433,10
