theta,delta_phi,psi_hwp_a,psi_qwp_a,psi_hwp_b,psi_qwp_b
0.7853981633974483,0.9318283294545996,13.52503267170461,22.05558247447343,8.53264083387482,22.056225244599844
