theta,delta_phi,psi_hwp_a,psi_qwp_a,psi_hwp_b,psi_qwp_b,measurement_time
2.638937829015426,0,39.68281124727067,75.97214944344287,-43.662900398981655,-78.46228634944569,10
