theta_estimate,delta_phi_estimate
86.8969915069181,53.90984751393706
