theta_estimate,delta_phi_estimate
44.71136812588858,22.481206230515575
