theta_estimate,delta_phi_estimate
86.60298912726394,80.56812117187064
