theta_estimate,delta_phi_estimate
41.8922448164529,84.76426172226155
