theta_estimate,delta_phi_estimate
91.43254373756652,9.335859032003938
