theta_estimate,delta_phi_estimate
116.67177008015845,12.574191128569911
