{
    "alpha": {
        "real": 1,
        "imag": 0
    },
    "beta": {
        "real": 0,
        "imag": 0
    },
    "psi_compensated_a": {
        "real": [
            [
                0.9923319378854886
            ],
            [
                0.0
            ]
        ],
        "imag": [
            [
                0.12360147674049268
            ],
            [
                0.0
            ]
        ]
    },
    "psi_compensated_b": {
        "real": [
            [
                -0.33545156975025503
            ],
            [
                0.0
            ]
        ],
        "imag": [
            [
                0.9420574527872966
            ],
            [
                0.0
            ]
        ]
    },
    "psi_hwp_a": 3.1805546814635168e-15,
    "psi_qwp_a": 0.0,
    "psi_hwp_b": 4.305050573062254e-15,
    "psi_qwp_b": 2.2489917831974733e-15
}