theta,delta_phi,psi_hwp_a,psi_qwp_a,psi_hwp_b,psi_qwp_b
2.5558719893611874,90,38.76208312305712,73.62733632039671,34.781755419483346,85.88930975993956
