theta_estimate,delta_phi_estimate
145.6212914874597,39.585653151250334
