theta_estimate,delta_phi_estimate
138.4373487015954,16.21504806289569
