theta_estimate,delta_phi_estimate
86.31980757152775,80.07489439262183
