theta_estimate,delta_phi_estimate
152.66350015228943,34.860241695139976
