theta_estimate,delta_phi_estimate
86.60056981954901,83.1768821805907
