theta,delta_phi,psi_hwp_a,psi_qwp_a,psi_hwp_b,psi_qwp_b
0.7853981633974483,0.7987099966753711,13.52503267170461,22.05558247447343,10.044052831230616,22.405832108143738
