theta_estimate,delta_phi_estimate
42.96137263875149,70.0534615207102
