theta_estimate,delta_phi_estimate
86.73502440292567,79.53428478351871
