theta_estimate,delta_phi_estimate
158.48910805203906,84.72994762078793
