theta_estimate,delta_phi_estimate
62.30119796330596,49.06961029788999
