theta_estimate,delta_phi_estimate
87.65220477377306,63.439418682687716
