theta_estimate,delta_phi_estimate
5.780170999599115,49.93136363238458
