theta_estimate,delta_phi_estimate
86.4112489428559,76.8768322869949
