theta,delta_phi,psi_hwp_a,psi_qwp_a,psi_hwp_b,psi_qwp_b
0.7853981633974483,0.23961299900261132,13.52503267170461,22.05558247447343,14.944895225759213,21.037888142264578
