theta_estimate,delta_phi_estimate
41.90275498065126,83.25697859405531
