theta,delta_phi,psi_hwp_a,psi_qwp_a,psi_hwp_b,psi_qwp_b
2.502624656249496,1.5707963267948966,38.16230301164995,72.11851625836685,31.83026816405218,77.4235531044531
