theta_estimate,delta_phi_estimate
141.4319001639503,51.109684433977634
