theta_estimate,delta_phi_estimate
86.60810766432608,48.823888557357215
