theta_estimate,delta_phi_estimate
135.38733467078882,50.814961596472315
