theta,delta_phi,psi_hwp_a,psi_qwp_a,psi_hwp_b,psi_qwp_b
2.076645991355965,1.5707963267948966,33.03351157994612,59.87140770271896,22.138183967174506,65.61596797428577
