theta_estimate,delta_phi_estimate
116.76334798919224,49.96793685677002
