theta_estimate,delta_phi_estimate
4.122428397919947,67.83618314157354
