theta_estimate,delta_phi_estimate
86.99064115104966,56.21502288629755
