theta,delta_phi,psi_hwp_a,psi_qwp_a,psi_hwp_b,psi_qwp_b
3.0883453204781017,90,44.44756626442428,88.52110099593709,44.089346644299006,89.6674634359658
