theta_estimate,delta_phi_estimate
168.36622377457067,76.9929852370527
