theta_estimate,delta_phi_estimate
86.75331872515385,85.02854621240303
