theta_estimate,delta_phi_estimate
87.0047563860051,73.79639512935564
