theta_estimate,delta_phi_estimate
42.362245324015156,59.70000147836076
