theta,delta_phi,psi_hwp_a,psi_qwp_a,psi_hwp_b,psi_qwp_b
0.7853981633974483,0.05324733311169141,13.52503267170461,22.05558247447343,15.893221388010266,19.460162161064407
