theta_estimate,delta_phi_estimate
97.19854520146089,85.83521466697566
