data_dir,C,DB_H,DB_V,SB,N,repetition,theta_estimate,delta_phi_estimate
2025-05-28--14h-27m-45s,27.5,0.0,2159.0,2.5,2189.0,122433.0,3.141592653589793,1.2737814880214202
