theta_estimate,delta_phi_estimate
10.088558436123954,76.1852493030879
