theta_estimate,delta_phi_estimate
62.81579037363115,10.03356786586669
