theta,delta_phi,psi_hwp_a,psi_qwp_a,psi_hwp_b,psi_qwp_b
1.5707963267948966,0.026623666555845703,26.049999999999997,45.0,-31.537288135593222,-45.0
