theta_estimate,delta_phi_estimate
86.47597110386636,53.75599355991162
