theta_estimate,delta_phi_estimate
86.05204718220965,82.36707190119297
