theta_estimate,delta_phi_estimate
86.19252992117929,45.18524998471871
