theta_estimate,delta_phi_estimate
43.0004461087289,79.85009165469616
