theta_estimate,delta_phi_estimate
53.13060552968224,36.81387164629075
