theta,delta_phi,psi_hwp_a,psi_qwp_a,psi_hwp_b,psi_qwp_b
1.0116993291221368,0,17.290964214298363,28.580644862450942,-20.870051296807276,-25.54124926002637
