theta_estimate,delta_phi_estimate
86.014752673238,85.63625743267885
