theta_estimate,delta_phi_estimate
41.8432087521369,68.73020612260858
