theta_estimate,delta_phi_estimate
18.098566989190438,43.4898958196954
