theta_estimate,delta_phi_estimate
86.28823313396386,77.57983191322968
