theta_estimate,delta_phi_estimate
42.73814978139477,85.3057897279994
