theta_estimate,delta_phi_estimate
86.83628622791045,59.35298730382651
