theta_estimate,delta_phi_estimate
86.78894565610184,68.52621763114986
