theta_estimate,delta_phi_estimate
86.70391623995214,71.14445844070273
