theta_estimate,delta_phi_estimate
39.98534915338528,14.8185283891604
