theta_estimate,delta_phi_estimate
85.3876733884832,29.588613910917942
