theta,delta_phi,psi_hwp_a,psi_qwp_a,psi_hwp_b,psi_qwp_b
1.5707963267948966,-0.452602331449377,26.049999999999997,45.0,0.2661016949147028,44.99999999999961
