theta,delta_phi,psi_hwp_a,psi_qwp_a,psi_hwp_b,psi_qwp_b
1.171441328457211,90,19.88420026228337,33.23741991797255,-9.18883615003004,13.648518868411402
