theta_estimate,delta_phi_estimate
62.2011631293562,36.677935463316764
