theta,delta_phi,psi_hwp_a,psi_qwp_a,psi_hwp_b,psi_qwp_b
0.42597866489353126,1.5707963267948966,7.390582652764187,11.872304739084633,-0.6683958375208777,8.001217701537936
