theta_estimate,delta_phi_estimate
86.31220533568296,85.3917574619456
