theta_estimate,delta_phi_estimate
75.34314084994583,48.582938621516384
