theta_estimate,delta_phi_estimate
86.59238748323605,81.57676640751669
