theta_estimate,delta_phi_estimate
86.90741287866145,75.05224355711093
