theta_estimate,delta_phi_estimate
143.8318660855503,84.61223724573996
