theta,delta_phi,psi_hwp_a,psi_qwp_a,psi_hwp_b,psi_qwp_b,measurement_time
0.7853981633974483,1.4451326206513049,13.52503267170461,22.05558247447343,16.344094897196296,15.342847001924268,10
