theta_estimate,delta_phi_estimate
41.785246865166464,85.3057897279994
