theta,delta_phi,psi_hwp_a,psi_qwp_a,psi_hwp_b,psi_qwp_b
0.42597866489353126,90,7.390582652764187,11.872304739084633,-4.534994678945663,2.8220922899759264
