theta_estimate,delta_phi_estimate
31.73976580918888,39.68268371595614
