theta_estimate,delta_phi_estimate
63.74066809489115,11.591059555577335
