theta,delta_phi,psi_hwp_a,psi_qwp_a,psi_hwp_b,psi_qwp_b,measurement_time,repetitions
0.10649466622338281,0,1.8526838656301161,2.958301451720391,-2.146921131029898,-2.3678092784738984,0.0001,5000
