theta_estimate,delta_phi_estimate
165.8042357565654,38.21869574048492
