theta,delta_phi,psi_hwp_a,psi_qwp_a,psi_hwp_b,psi_qwp_b,measurement_time
1.5707963267948966,1.1938052083641213,26.049999999999997,45.0,43.099999999999994,44.99999999999996,10
