theta_estimate,delta_phi_estimate
86.27902479076101,64.77096089246335
