theta_estimate,delta_phi_estimate
84.26082952273322,9.097436169383387
