theta_estimate,delta_phi_estimate
20.352253642192387,55.03455353266257
