theta_estimate,delta_phi_estimate
85.97571113322057,73.38679565476455
