theta_estimate,delta_phi_estimate
145.04301215051217,84.61223724573996
