theta_estimate,delta_phi_estimate
86.78094978246646,74.65433954585785
