theta_estimate,delta_phi_estimate
86.69722903700124,80.23958240504375
