theta_estimate,delta_phi_estimate
72.3928284341272,85.5360678276448
