theta_estimate,delta_phi_estimate
36.86989764584401,20.704811054635428
