theta_estimate,delta_phi_estimate
85.86588114258387,31.117577883773794
