theta_estimate,delta_phi_estimate
10.257697636953422,78.4185316115598
