theta_estimate,delta_phi_estimate
34.011755753323776,49.843971161620836
