theta,delta_phi,psi_hwp_a,psi_qwp_a,psi_hwp_b,psi_qwp_b,measurement_time,power,temperature
1.5707963267948966,1.112647398146385,26.049999999999997,45.0,-0.42499999999990995,-44.99999999999981,90,10,32.7C
