theta,delta_phi,psi_hwp_a,psi_qwp_a,psi_hwp_b,psi_qwp_b
0.7853981633974483,0.5058496645610684,13.52503267170461,22.05558247447343,12.936834655638116,22.271057468912407
