theta_estimate,delta_phi_estimate
86.48530190806964,50.642635757413096
