theta_estimate,delta_phi_estimate
120.17366929781694,37.02412470860262
