theta_estimate,delta_phi_estimate
12.037403517346368,80.46516113628923
