theta_estimate,delta_phi_estimate
135.47668217312685,38.336849091832946
