theta_estimate,delta_phi_estimate
41.393749630323626,78.27410285630137
