theta_estimate,delta_phi_estimate
23.300071929223677,41.33792014915806
