theta,delta_phi,psi_hwp_a,psi_qwp_a,psi_hwp_b,psi_qwp_b
2.981850654254719,90,43.3397013292279,85.56129389926754,42.26481738307359,88.99513556949022
