theta_estimate,delta_phi_estimate
165.1087884074175,55.7796201860036
