theta,delta_phi,psi_hwp_a,psi_qwp_a,psi_hwp_b,psi_qwp_b
1.970151325132582,90,31.646780344310812,56.76258008202744,22.162644981558543,76.3514811315886
