theta,delta_phi,psi_hwp_a,psi_qwp_a,psi_hwp_b,psi_qwp_b
0.9584519960104453,90,16.413670195981428,27.037347931413066,-8.943720868579772,8.61363568799518
