theta_estimate,delta_phi_estimate
51.00916650392699,36.925027328117835
