theta_estimate,delta_phi_estimate
87.30382966981323,61.27833705915026
