theta_estimate,delta_phi_estimate
86.12000695203844,46.65733005362007
