theta_estimate,delta_phi_estimate
85.87543659431316,49.409400496127745
