theta_estimate,delta_phi_estimate
44.93735081463597,49.68879838470999
