theta_estimate,delta_phi_estimate
23.466767310935754,52.57915839724119
