theta_estimate,delta_phi_estimate
41.673856197858896,69.40637872678305
