theta_estimate,delta_phi_estimate
139.58965902279962,18.178642952154597
144.30974263503938,14.270821369961142
