theta_estimate,delta_phi_estimate
144.30974263503938,14.270821369961142
