theta_estimate,delta_phi_estimate
86.67172220074639,74.8627083540642
