theta_estimate,delta_phi_estimate
87.08592860485058,54.59430814384123
