theta_estimate,delta_phi_estimate
85.91264026348378,70.51946548026443
