theta_estimate,delta_phi_estimate
160.67230060140005,56.32878589958173
