theta,delta_phi,psi_hwp_a,psi_qwp_a,psi_hwp_b,psi_qwp_b
0.5857206642286055,1.5707963267948966,10.134746802660398,16.37266367960328,-0.65460273256131,11.373488778649865
