theta_estimate,delta_phi_estimate
29.218142127846544,50.98551872249965
