theta_estimate,delta_phi_estimate
125.71518000696538,11.145783819035133
