theta_estimate,delta_phi_estimate
86.78272607021417,77.35507060279977
