theta_estimate,delta_phi_estimate
174.4360773820964,82.84727681965299
