theta_estimate,delta_phi_estimate
70.6066268536729,36.1105055146559
