theta_estimate,delta_phi_estimate
163.15463864164246,84.79665353035334
