theta,delta_phi,psi_hwp_a,psi_qwp_a,psi_hwp_b,psi_qwp_b
2.236387990691039,1.5707963267948966,35.03176023711002,64.50111424967898,25.90230391196912,70.58250822946988
