theta_estimate,delta_phi_estimate
126.95962973099843,49.62473088625341
