theta_estimate,delta_phi_estimate
159.8986733184779,23.776128353464095
152.66350015228943,34.860241695139976
