theta_estimate,delta_phi_estimate
42.38334356887437,64.36850765968663
