theta_estimate,delta_phi_estimate
86.50133506738001,35.39802184648149
