theta_estimate,delta_phi_estimate
85.07801846875904,85.53985785512364
