theta_estimate,delta_phi_estimate
50.953732349357914,49.22582467639878
