theta,delta_phi,psi_hwp_a,psi_qwp_a,psi_hwp_b,psi_qwp_b
0.6389679973402969,90,11.043786753283099,17.881483741633147,-6.600849890804445,4.595751591401743
