theta_estimate,delta_phi_estimate
33.103064075089264,39.68268371595614
