theta_estimate,delta_phi_estimate
86.90142066017745,50.27412022556401
