theta_estimate,delta_phi_estimate
15.606258469563361,55.9537041233823
