theta_estimate,delta_phi_estimate
87.68492398015321,57.62836567279529
