theta_estimate,delta_phi_estimate
50.29926283501854,36.925027328117835
