theta_estimate,delta_phi_estimate
86.72471164958614,80.6997486167788
