theta_estimate,delta_phi_estimate
33.11628648477786,15.281423367285226
44.71136812588858,26.22280145988524
44.71136812588858,22.481206230515575
