theta_estimate,delta_phi_estimate
85.93923765689726,77.35935060734543
