theta_estimate,delta_phi_estimate
160.0352778057179,28.731424441362993
