theta,delta_phi,psi_hwp_a,psi_qwp_a,psi_hwp_b,psi_qwp_b
0.21298933244676563,0,3.703384240154238,5.920602349321815,-4.297961671557726,-4.75708675780055
