theta,delta_phi,psi_hwp_a,psi_qwp_a,psi_hwp_b,psi_qwp_b
1.2779359946805937,0,21.576514348340947,36.36126399792658,26.49410099892553,34.36950704143604
