theta_estimate,delta_phi_estimate
69.15769679819917,85.11654799417367
