theta,delta_phi,psi_hwp_a,psi_qwp_a,psi_hwp_b,psi_qwp_b,measurement_time,power,temperature
1.0471975511965976,0,17.872434232435836,29.612106824161675,-21.624683745529502,-26.65654942905202,90,10,32.7C
