theta_estimate,delta_phi_estimate
85.81583558479052,30.778561362414884
