theta_estimate,delta_phi_estimate
34.28159865162325,16.62151896229716
