theta_estimate,delta_phi_estimate
84.99748462848764,11.965047308567469
