theta,delta_phi,psi_hwp_a,psi_qwp_a,psi_hwp_b,psi_qwp_b
0.26623666555845704,1.5707963267948966,4.627357586456371,7.404465587981805,-0.49626047327442985,4.889739815465887
