theta_estimate,delta_phi_estimate
12.095365361996784,55.9537041233823
