theta_estimate,delta_phi_estimate
142.87945492830988,39.205726214737304
