theta,delta_phi,psi_hwp_a,psi_qwp_a,psi_hwp_b,psi_qwp_b
2.768861321807953,0,41.09133581712287,79.6201030214578,-44.112291107806044,-81.57133177149026
