theta_estimate,delta_phi_estimate
85.47052731190794,26.609891461065125
