theta_estimate,delta_phi_estimate
86.46132217778384,52.10825210320972
