theta_estimate,delta_phi_estimate
87.24533320737855,59.649862250012
