theta_estimate,delta_phi_estimate
42.91414684741387,84.83146711908509
