theta_estimate,delta_phi_estimate
103.10486941093079,11.715237812881544
