theta,delta_phi,psi_hwp_a,psi_qwp_a,psi_hwp_b,psi_qwp_b
0.7853981633974483,1.0649466622338282,13.52503267170461,22.05558247447343,6.909289489752434,21.43644403259228
