theta_estimate,delta_phi_estimate
146.88371351522215,0.0
141.887652573696,19.202679103356804
146.88371351522215,21.908502606759928
