theta_estimate,delta_phi_estimate
86.24298316768667,72.18476255251402
