theta_estimate,delta_phi_estimate
100.84494286445685,86.15793673130548
