theta_estimate,delta_phi_estimate
163.43815695229182,48.006341360919166
