theta,delta_phi,psi_hwp_a,psi_qwp_a,psi_hwp_b,psi_qwp_b
1.5707963267948966,-0.5058496645610684,26.049999999999997,45.0,1.7915254237287481,44.99999999999997
