theta_estimate,delta_phi_estimate
85.54676550742157,33.438545036985154
