theta_estimate,delta_phi_estimate
69.37303583819936,49.36109121497574
