theta_estimate,delta_phi_estimate
86.45227005364633,82.95098092907216
