theta,delta_phi,psi_hwp_a,psi_qwp_a,psi_hwp_b,psi_qwp_b,measurement_time
1.5707963267948966,1.1780972450961724,26.049999999999997,45.0,43.54999999999999,44.99999999999996,5
