theta_estimate,delta_phi_estimate
168.86357992184617,80.95936896307211
