theta_estimate,delta_phi_estimate
165.4131689907337,82.24116542669259
