theta_estimate,delta_phi_estimate
41.91185920132035,51.03871861963396
