theta_estimate,delta_phi_estimate
84.58796071688155,18.646700677401174
