theta_estimate,delta_phi_estimate
78.28488080897003,13.437451997627068
76.79555521327174,0.0
