theta_estimate,delta_phi_estimate
86.63793732916649,83.92401938742447
