theta_estimate,delta_phi_estimate
159.8986733184779,44.57026553758209
156.02256647071903,37.34593353873369
159.8986733184779,23.776128353464095
