theta_estimate,delta_phi_estimate
86.33338608419794,51.330989241467684
