theta_estimate,delta_phi_estimate
45.97846325137093,85.05773846300693
