theta_estimate,delta_phi_estimate
60.44660060929901,84.62487582846474
