theta,delta_phi,psi_hwp_a,psi_qwp_a,psi_hwp_b,psi_qwp_b
0.7853981633974483,0.6655916638961425,13.52503267170461,22.05558247447343,11.436920960400096,22.497528118627287
