theta_estimate,delta_phi_estimate
42.72591419877871,74.67344841939523
