theta_estimate,delta_phi_estimate
86.86372971942514,58.93151230724294
