theta_estimate,delta_phi_estimate
86.95124672108253,60.207447202554825
