theta_estimate,delta_phi_estimate
92.909665683738,13.437451997627068
