theta_estimate,delta_phi_estimate
86.91254202835502,64.71840537960506
