theta_estimate,delta_phi_estimate
86.69673195715461,81.96744968390252
