theta_estimate,delta_phi_estimate
86.19148163237054,83.92633847618589
