theta,delta_phi,psi_hwp_a,psi_qwp_a,psi_hwp_b,psi_qwp_b
1.0649466622338282,90,18.162103877227164,30.128592297281042,-9.289702191328686,10.732269436410272
