theta_estimate,delta_phi_estimate
42.91365710004863,85.17165856068017
