theta_estimate,delta_phi_estimate
27.240699807895503,82.90446463310914
