theta_estimate,delta_phi_estimate
87.07155981177974,77.4503223880562
