theta_estimate,delta_phi_estimate
20.101326681522107,23.776128353464095
