theta,delta_phi,psi_hwp_a,psi_qwp_a,psi_hwp_b,psi_qwp_b
0.6389679973402969,1.5707963267948966,11.043786753283099,17.881483741633147,-0.593284940400925,12.576446895546887
