theta_estimate,delta_phi_estimate
87.00241589558318,70.18164884541588
