theta_estimate,delta_phi_estimate
86.00024899041156,77.35935060734543
