theta_estimate,delta_phi_estimate
41.507446025888534,65.95276349264883
