theta_estimate,delta_phi_estimate
152.66350015228943,32.81822951165323
