theta_estimate,delta_phi_estimate
43.04271426435977,60.02206132995035
