theta,delta_phi,psi_hwp_a,psi_qwp_a,psi_hwp_b,psi_qwp_b
0.7853981633974483,0.13311833277922852,13.52503267170461,22.05558247447343,15.539974096293776,20.215081101797487
