theta_estimate,delta_phi_estimate
42.57528503941951,84.55311623842682
