theta_estimate,delta_phi_estimate
42.554251415068535,81.835983203218
