theta_estimate,delta_phi_estimate
156.80168359415023,25.330968097042014
