theta,delta_phi,psi_hwp_a,psi_qwp_a,psi_hwp_b,psi_qwp_b
3.0350979873664103,1.5707963267948966,43.89438241390973,87.04169854827961,42.85247082480376,88.06738947566703
