theta,delta_phi,psi_hwp_a,psi_qwp_a,psi_hwp_b,psi_qwp_b
1.0116993291221368,90,17.290964214298363,28.580644862450942,-9.159537538195506,9.596357238486222
