theta,delta_phi,psi_hwp_a,psi_qwp_a,psi_hwp_b,psi_qwp_b
1.5707963267948966,-1.5175489936832052,26.049999999999997,45.0,30.774576271186437,44.999999999999986
