theta_estimate,delta_phi_estimate
86.16656029997829,85.03646420323054
