theta_estimate,delta_phi_estimate
97.29069690005227,9.730762995569496
