theta_estimate,delta_phi_estimate
90.0,9.453818056955944
87.090334316262,11.607657699983509
78.28488080897003,0.0
