theta_estimate,delta_phi_estimate
171.82876644005026,0.0
164.6803804699827,29.629227729230948
