theta_estimate,delta_phi_estimate
86.3287785988486,61.0194986425536
