theta_estimate,delta_phi_estimate
98.75932627648788,8.964198722388934
