theta_estimate,delta_phi_estimate
87.2194177445962,57.91387014031131
