theta_estimate,delta_phi_estimate
85.24856465485607,10.934607228524289
