theta,delta_phi,psi_hwp_a,psi_qwp_a,psi_hwp_b,psi_qwp_b
0.26623666555845704,0,4.627357586456371,7.404465587981805,-5.376288079572517,-5.9665281663635925
