theta_estimate,delta_phi_estimate
86.44048141867925,66.5344554643179
