theta_estimate,delta_phi_estimate
35.45732792350708,50.23374581401777
