theta_estimate,delta_phi_estimate
18.764254815104607,81.36312171404661
