theta_estimate,delta_phi_estimate
9.427655207952602,74.51817361701251
