theta_estimate,delta_phi_estimate
131.7556144220544,85.24587898725567
