theta_estimate,delta_phi_estimate
0.0,90.0
0.0,90.0
8.171233559949766,44.57026553758209
