theta_estimate,delta_phi_estimate
125.71518000696538,15.874532876304485
