theta_estimate,delta_phi_estimate
11.58972690973777,63.94738603800111
