theta_estimate,delta_phi_estimate
42.860610823056234,51.03871861963396
