theta_estimate,delta_phi_estimate
133.04569524081688,49.59396786315037
