theta_estimate,delta_phi_estimate
42.98546689320975,54.61680654218348
