theta_estimate,delta_phi_estimate
85.15202624592865,85.53985785512364
