theta_estimate,delta_phi_estimate
15.319619530017288,0.0
20.101326681522107,0.0
20.101326681522107,34.860241695139976
