theta_estimate,delta_phi_estimate
20.101326681522107,34.860241695139976
