theta,delta_phi,psi_hwp_a,psi_qwp_a,psi_hwp_b,psi_qwp_b,measurement_time,repetitions
0.7853981633974483,0.21298933244676563,13.52503267170461,22.05558247447343,-13.609027471675935,-22.01725725893407,0.0001,20000
