theta,delta_phi,psi_hwp_a,psi_qwp_a,psi_hwp_b,psi_qwp_b
1.8636566589091992,90,30.21525035041436,53.63873600207341,18.755346531526712,72.07943280496609
