theta_estimate,delta_phi_estimate
103.84785632076824,36.94270228506927
