theta_estimate,delta_phi_estimate
81.73503504573722,85.42158115284714
