theta_estimate,delta_phi_estimate
42.65199315919555,64.61277235660607
