theta,delta_phi,psi_hwp_a,psi_qwp_a,psi_hwp_b,psi_qwp_b
0.7853981633974483,0.47922599800522264,13.52503267170461,22.05558247447343,13.166997855740185,22.1970781633288
