theta,delta_phi,psi_hwp_a,psi_qwp_a,psi_hwp_b,psi_qwp_b
1.5707963267948966,0.47922599800522264,26.049999999999997,45.0,25.43559322033899,45.0
