theta,delta_phi,psi_hwp_a,psi_qwp_a,psi_hwp_b,psi_qwp_b
1.5707963267948966,-1.1448176619013652,26.049999999999997,45.0,20.09661016949152,44.99999999999999
