theta_estimate,delta_phi_estimate
86.15330759566824,65.17440261001013
