theta,delta_phi,psi_hwp_a,psi_qwp_a,psi_hwp_b,psi_qwp_b
0.15974199933507421,0,2.7784074299603527,4.43870610073245,-3.221671811653161,-3.558417754733013
