theta,delta_phi,psi_hwp_a,psi_qwp_a,psi_hwp_b,psi_qwp_b
0.7853981633974483,0.8785809963429082,13.52503267170461,22.05558247447343,9.150930558138834,22.227599944717237
