theta_estimate,delta_phi_estimate
42.255904077335906,67.9495242904109
