theta_estimate,delta_phi_estimate
87.35435181770818,55.861610932187155
