theta_estimate,delta_phi_estimate
160.51588718582545,84.79665353035334
