theta_estimate,delta_phi_estimate
144.6645960213203,51.31004653454073
