theta_estimate,delta_phi_estimate
45.1291272965429,85.05773846300693
