theta,delta_phi,psi_hwp_a,psi_qwp_a,psi_hwp_b,psi_qwp_b
0.47922599800522264,0,8.307822424418337,13.368349898783302,9.719251602320213,10.96689000337159
