theta_estimate,delta_phi_estimate
26.806978318486415,83.99174497701944
