theta_estimate,delta_phi_estimate
86.22227855882345,64.77096089246335
