theta_estimate,delta_phi_estimate
10.361888748923434,78.07691215065378
