theta_estimate,delta_phi_estimate
86.64189167968902,85.63535315368402
