theta_estimate,delta_phi_estimate
85.63293598607844,30.05388001412415
