theta_estimate,delta_phi_estimate
97.73517441377686,48.869992735729696
