theta_estimate,delta_phi_estimate
87.35470513397799,54.11285073000255
