theta_estimate,delta_phi_estimate
83.23519099058962,10.860161073769946
