theta_estimate,delta_phi_estimate
96.63212015412319,10.83319183361202
