theta_estimate,delta_phi_estimate
21.36789813756011,52.57915839724119
