theta_estimate,delta_phi_estimate
97.61845277629327,48.869992735729696
