theta,delta_phi,psi_hwp_a,psi_qwp_a,psi_hwp_b,psi_qwp_b
1.5707963267948966,0.42597866489353126,26.049999999999997,45.0,-20.096610169491527,-45.00000000000001
