theta_estimate,delta_phi_estimate
84.52452895966938,24.92867930203197
