theta_estimate,delta_phi_estimate
86.37306851969512,85.05457028211667
