theta_estimate,delta_phi_estimate
86.86027080121677,75.05224355711093
