theta,delta_phi,psi_hwp_a,psi_qwp_a,psi_hwp_b,psi_qwp_b
0.7987099966753711,1.5707963267948966,13.749063773892773,22.436912352332833,-0.1846253015749921,16.493484281446804
