theta_estimate,delta_phi_estimate
41.55822819684503,50.255920391237595
