theta,delta_phi,psi_hwp_a,psi_qwp_a,psi_hwp_b,psi_qwp_b
0.7853981633974483,1.0383229956779825,13.52503267170461,22.05558247447343,7.242707720910154,21.58290577038669
