theta_estimate,delta_phi_estimate
87.3366420614957,56.5735994408408
