theta_estimate,delta_phi_estimate
120.84551690348508,49.83788575822176
