theta_estimate,delta_phi_estimate
86.16185728649295,66.72300773580358
