theta_estimate,delta_phi_estimate
87.28668436134267,59.649862250012
