theta_estimate,delta_phi_estimate
98.75932627648788,0.0
92.909665683738,12.734902619155687
107.73220740336554,18.842330415237676
