theta_estimate,delta_phi_estimate
107.73220740336554,18.842330415237676
