theta_estimate,delta_phi_estimate
91.4543637758213,8.746291585797271
