theta_estimate,delta_phi_estimate
85.84772260760104,68.15775324592144
