theta,delta_phi,psi_hwp_a,psi_qwp_a,psi_hwp_b,psi_qwp_b
1.5707963267948966,0.6655916638961425,26.049999999999997,45.0,22.766101694915264,45.0
