theta_estimate,delta_phi_estimate
109.5388963264613,11.435015578673454
