theta_estimate,delta_phi_estimate
85.27794815037107,19.90445251096103
