theta,delta_phi,psi_hwp_a,psi_qwp_a,psi_hwp_b,psi_qwp_b
1.437677994015668,1.5707963267948966,24.051806207109752,41.06772771133115,6.963727649769154,39.018725273917
