theta_estimate,delta_phi_estimate
78.93655370482819,48.97545381277436
