theta,delta_phi,psi_hwp_a,psi_qwp_a,psi_hwp_b,psi_qwp_b
0.7853981633974483,0.45260233144937695,13.52503267170461,22.05558247447343,13.391116401873848,22.112517523778422
