theta_estimate,delta_phi_estimate
42.359613363126904,78.27410285630137
