theta,delta_phi,psi_hwp_a,psi_qwp_a,psi_hwp_b,psi_qwp_b
1.437677994015668,90,24.051806207109752,41.06772771133115,-4.226263195734673,29.207743962642542
