theta_estimate,delta_phi_estimate
78.18301854012954,36.09262179403306
