theta,delta_phi,psi_hwp_a,psi_qwp_a,psi_hwp_b,psi_qwp_b
2.9286033211430276,90,42.782781890832425,84.07939765067819,41.34926995553353,88.65158093029957
