theta_estimate,delta_phi_estimate
163.21433226101476,52.859185104843355
