theta_estimate,delta_phi_estimate
120.5050439462337,44.57026553758209
