theta,delta_phi,psi_hwp_a,psi_qwp_a,psi_hwp_b,psi_qwp_b
2.1831406575793477,1.5707963267948966,34.37632226456837,62.962652068586934,24.66576962734487,69.00962509863331
