theta_estimate,delta_phi_estimate
123.29166803883207,49.86515752958555
