theta,delta_phi,psi_hwp_a,psi_qwp_a,psi_hwp_b,psi_qwp_b
1.5707963267948966,0.6389679973402969,26.049999999999997,45.0,-13.994915254237293,-45.00000000000001
