theta_estimate,delta_phi_estimate
86.26368505507597,80.07489439262183
