theta_estimate,delta_phi_estimate
168.85243364446342,55.7796201860036
