theta_estimate,delta_phi_estimate
148.78751652593078,52.22900585769213
