theta_estimate,delta_phi_estimate
42.58071403814314,63.2279146913894
