theta,delta_phi,psi_hwp_a,psi_qwp_a,psi_hwp_b,psi_qwp_b
0.7853981633974483,0.6123443307844512,13.52503267170461,22.05558247447343,11.958678567783677,22.46302109906316
