theta_estimate,delta_phi_estimate
42.72783858392643,75.40970559428744
