theta_estimate,delta_phi_estimate
86.49367142042531,66.38687353651572
