theta_estimate,delta_phi_estimate
73.07389557735269,11.11283641337599
