theta_estimate,delta_phi_estimate
15.868601556835857,81.69744918726514
