theta_estimate,delta_phi_estimate
107.08675195383785,85.53665975591474
