theta_estimate,delta_phi_estimate
81.68294294743573,48.87603330387814
