theta_estimate,delta_phi_estimate
54.28481999303462,14.75020981151751
