theta_estimate,delta_phi_estimate
86.77049793720288,69.54127831160338
