theta_estimate,delta_phi_estimate
86.76540474739329,52.554610312867695
