theta_estimate,delta_phi_estimate
42.85425449374619,62.48090937157311
