theta,delta_phi,psi_hwp_a,psi_qwp_a,psi_hwp_b,psi_qwp_b
2.875355988031336,0,42.22289199847456,82.5955344120182,-44.40975991320892,-84.03347183363641
