theta_estimate,delta_phi_estimate
162.6942048593791,32.128862051476624
