theta_estimate,delta_phi_estimate
41.44032310656143,56.844056044309504
