theta,delta_phi,psi_hwp_a,psi_qwp_a,psi_hwp_b,psi_qwp_b
1.5707963267948966,-0.026623666555845693,26.049999999999997,45.0,-33.06271186440677,-44.99999999999998
