theta_estimate,delta_phi_estimate
110.11079239017238,85.75015181579474
