theta_estimate,delta_phi_estimate
86.94742572623585,81.90960722468718
