theta_estimate,delta_phi_estimate
49.219211691839334,13.798937525569446
