theta_estimate,delta_phi_estimate
41.59507646029577,81.835983203218
