theta_estimate,delta_phi_estimate
85.66702795578549,85.10650582834614
