theta_estimate,delta_phi_estimate
85.63315068381198,9.19924990151734
