theta_estimate,delta_phi_estimate
86.07372475983146,82.38466769699637
