theta_estimate,delta_phi_estimate
86.81200242349648,84.69824293378073
