theta_estimate,delta_phi_estimate
92.909665683738,15.6692196607735
