theta_estimate,delta_phi_estimate
86.99203711665962,67.59338778438193
