theta_estimate,delta_phi_estimate
57.510918467013354,85.08908469293962
