theta,delta_phi,psi_hwp_a,psi_qwp_a,psi_hwp_b,psi_qwp_b
1.5707963267948966,0.29286033211430273,26.049999999999997,45.0,-23.91016949152543,-45.0
