theta,delta_phi,psi_hwp_a,psi_qwp_a,psi_hwp_b,psi_qwp_b
1.171441328457211,1.5707963267948966,19.88420026228337,33.23741991797255,2.6771917166079287,28.133630228261467
