theta_estimate,delta_phi_estimate
62.751465204238514,49.06961029788999
