theta_estimate,delta_phi_estimate
86.21951376240523,66.72300773580358
