theta,delta_phi,psi_hwp_a,psi_qwp_a,psi_hwp_b,psi_qwp_b
1.5707963267948966,0.6389679973402969,26.049999999999997,45.0,23.147457627118655,45.0
