theta_estimate,delta_phi_estimate
86.33592148350625,37.007802170846055
