theta_estimate,delta_phi_estimate
43.42014217434832,58.19284932980072
