theta_estimate,delta_phi_estimate
86.76897828174508,58.201391682600125
