theta_estimate,delta_phi_estimate
106.21173709492504,9.730762995569496
