theta_estimate,delta_phi_estimate
113.88086222896514,36.74404696205111
