theta_estimate,delta_phi_estimate
86.9442808695277,63.82533283445147
