theta_estimate,delta_phi_estimate
149.79916053949972,40.99939137499304
