theta_estimate,delta_phi_estimate
112.37770951151238,0.0
101.71511919102997,17.580539668255746
107.73220740336554,9.453818056955944
