theta_estimate,delta_phi_estimate
107.73220740336554,9.453818056955944
