theta_estimate,delta_phi_estimate
86.40677070091114,61.11328452459285
