theta_estimate,delta_phi_estimate
84.77752788139362,34.125452401767866
