theta_estimate,delta_phi_estimate
84.74023659960817,11.120988372058736
