theta_estimate,delta_phi_estimate
40.410340977200406,18.178642952154597
