theta,delta_phi,psi_hwp_a,psi_qwp_a,psi_hwp_b,psi_qwp_b,measurement_time
1.5707963267948966,0.6911503837897545,26.049999999999997,45.0,-12.500000000000005,-45.0,10
