{
    "alpha": 1,
    "beta": 0,
    "psi_compensated_a": {
        "real": [
            [
                0.9923319378854886
            ],
            [
                0.0
            ]
        ],
        "imag": [
            [
                0.12360147674049268
            ],
            [
                0.0
            ]
        ]
    },
    "psi_compensated_b": {
        "real": [
            [
                -0.10018806161207623
            ],
            [
                0.0
            ]
        ],
        "imag": [
            [
                0.9949685182509118
            ],
            [
                0.0
            ]
        ]
    },
    "psi_hwp_a": 3.1805546814635168e-15,
    "psi_qwp_a": 0.0,
    "psi_hwp_b": 2.81123972899684e-16,
    "psi_qwp_b": 5.62247945799368e-16
}