theta_estimate,delta_phi_estimate
41.723129260791644,85.7805515544898
