theta_estimate,delta_phi_estimate
86.29359267057619,75.5401935256526
