theta_estimate,delta_phi_estimate
151.81490139253526,52.41134478590942
