theta_estimate,delta_phi_estimate
30.01727042625443,84.36077515177874
