theta_estimate,delta_phi_estimate
136.27880212580922,50.814961596472315
