theta,delta_phi,psi_hwp_a,psi_qwp_a,psi_hwp_b,psi_qwp_b
0.7853981633974483,0.718838997007834,13.52503267170461,22.05558247447343,10.894573540924426,22.49138955538326
