theta_estimate,delta_phi_estimate
42.79128986550331,72.81306964563208
