theta_estimate,delta_phi_estimate
86.70382267287408,85.02854621240303
