theta,delta_phi,psi_hwp_a,psi_qwp_a,psi_hwp_b,psi_qwp_b,measurement_time
3.015928947446201,0,43.69490856792547,86.50889413408974,-44.738016012584175,-87.204330151321,10
