theta,delta_phi,psi_hwp_a,psi_qwp_a,psi_hwp_b,psi_qwp_b,measurement_time
1.5707963267948966,0.4398229715025711,26.049999999999997,45.0,-19.700000000000003,-45.0,10
