theta_estimate,delta_phi_estimate
86.41422247364001,78.84696944051366
