theta,delta_phi,psi_hwp_a,psi_qwp_a,psi_hwp_b,psi_qwp_b
1.9169039920208906,0,30.9366373268069,55.202343236360754,37.858921403457146,57.477558415657874
