theta_estimate,delta_phi_estimate
106.82275822984354,85.53665975591474
