theta,delta_phi,psi_hwp_a,psi_qwp_a,psi_hwp_b,psi_qwp_b
2.1298933244676563,1.5707963267948966,33.71031935184743,61.419355137549054,23.41096565257383,67.3556595701347
