theta_estimate,delta_phi_estimate
120.3336227829993,49.83788575822176
