theta_estimate,delta_phi_estimate
142.2176777314695,17.63438568532837
