theta_estimate,delta_phi_estimate
123.8665313161977,49.86515752958555
