theta_estimate,delta_phi_estimate
85.41590876119828,17.32373146838376
