theta,delta_phi,psi_hwp_a,psi_qwp_a,psi_hwp_b,psi_qwp_b
0.47922599800522264,1.5707963267948966,8.307822424418337,13.368349898783302,-0.6886407320853444,9.090601547430586
