theta_estimate,delta_phi_estimate
25.86431805734387,52.150254375589874
