theta_estimate,delta_phi_estimate
10.60189662705401,72.7893151248393
