theta,delta_phi,psi_hwp_a,psi_qwp_a,psi_hwp_b,psi_qwp_b
0.7853981633974483,1.4110543274598222,13.52503267170461,22.05558247447343,2.185186633871589,18.384423514219534
