theta_estimate,delta_phi_estimate
43.19549647745668,54.381094423256535
