theta_estimate,delta_phi_estimate
87.36089556197678,49.18196487831163
