theta_estimate,delta_phi_estimate
72.36051468559472,48.79458979106139
