theta,delta_phi,psi_hwp_a,psi_qwp_a,psi_hwp_b,psi_qwp_b
2.66236665558457,1.5707963267948966,39.93947252563503,76.63165010121669,35.22075772048406,80.9093984525694
