theta_estimate,delta_phi_estimate
42.6304275102937,69.40637872678305
