theta_estimate,delta_phi_estimate
86.58667820708176,83.92401938742447
