theta_estimate,delta_phi_estimate
86.35074347039999,83.7279246311065
