theta_estimate,delta_phi_estimate
113.87124585811439,85.58985860877674
