theta_estimate,delta_phi_estimate
86.45109103727641,52.63771830531825
