theta_estimate,delta_phi_estimate
86.02613653706595,69.67383698903444
