theta_estimate,delta_phi_estimate
87.18208180924765,55.38819573348832
