theta_estimate,delta_phi_estimate
28.353403962535157,52.001533683414436
