theta,delta_phi,psi_hwp_a,psi_qwp_a,psi_hwp_b,psi_qwp_b
2.8221086549196444,1.5707963267948966,41.659311612104595,81.10924740736904,38.52589083772233,84.09519508958014
