theta,delta_phi,psi_hwp_a,psi_qwp_a,psi_hwp_b,psi_qwp_b,measurement_time
1.8325957145940457,0,29.789254748360943,52.72524840621541,-36.674704376082644,-54.536814020243405,10
