theta,delta_phi,psi_hwp_a,psi_qwp_a,psi_hwp_b,psi_qwp_b
0.6922153304519882,90,11.949426208811467,19.395036852178933,-7.073548058665864,5.117823829661829
