theta_estimate,delta_phi_estimate
35.88926802155296,37.74802133517199
