theta_estimate,delta_phi_estimate
43.51374957612622,55.43754709306227
