theta,delta_phi,psi_hwp_a,psi_qwp_a,psi_hwp_b,psi_qwp_b
0.7853981633974483,1.4643016605715138,13.52503267170461,22.05558247447343,1.3951187673206134,17.702993387357576
