theta_estimate,delta_phi_estimate
42.721123890290286,52.244164071940716
