theta_estimate,delta_phi_estimate
122.18813192684136,85.29056129936845
