theta_estimate,delta_phi_estimate
50.615772720197924,19.5845528370746
50.615772720197924,15.874532876304485
42.604780496561794,0.0
