theta_estimate,delta_phi_estimate
87.00090959707431,62.167706316653096
