theta,delta_phi,psi_hwp_a,psi_qwp_a,psi_hwp_b,psi_qwp_b
0.15974199933507421,1.5707963267948966,2.7784074299603527,4.43870610073245,-0.3165625371456832,2.907172253922132
