theta_estimate,delta_phi_estimate
5.995980832123243,63.94738603800111
