theta,delta_phi,psi_hwp_a,psi_qwp_a,psi_hwp_b,psi_qwp_b,measurement_time
1.5707963267948966,1.308996938995747,26.049999999999997,45.0,39.8,44.999999999999986,10
