theta_estimate,delta_phi_estimate
86.68105575157081,63.49092048303317
