theta_estimate,delta_phi_estimate
87.18573681402079,62.131887127388666
