theta,delta_phi,psi_hwp_a,psi_qwp_a,psi_hwp_b,psi_qwp_b,measurement_time,power,temperature
0.2617993877991494,1.5707963267948966,4.550404509359457,7.280723903106495,5.28633787028611,5.865263439597888,90,10,32.7C
