theta_estimate,delta_phi_estimate
117.18420962636887,14.270821369961142
