theta_estimate,delta_phi_estimate
42.58680442706244,55.43754709306227
