theta_estimate,delta_phi_estimate
58.60629170563361,36.05157569413026
