theta_estimate,delta_phi_estimate
100.12594872273058,11.045566547609482
