theta_estimate,delta_phi_estimate
87.1034322246651,36.619342758594634
