theta_estimate,delta_phi_estimate
146.88371351522215,26.22280145988524
