theta_estimate,delta_phi_estimate
86.67682427337411,59.84547652328347
