theta_estimate,delta_phi_estimate
147.837302858759,19.94830216572282
