theta,delta_phi,psi_hwp_a,psi_qwp_a,psi_hwp_b,psi_qwp_b
1.5707963267948966,-1.3045596612364396,26.049999999999997,45.0,24.672881355932205,45.0
