theta_estimate,delta_phi_estimate
43.296386021046565,59.70000147836076
