theta,delta_phi,psi_hwp_a,psi_qwp_a,psi_hwp_b,psi_qwp_b
1.703914659574125,1.5707963267948966,27.984078495778604,48.932272288668855,12.945002375852157,50.98127472608301
