theta_estimate,delta_phi_estimate
94.71072173145119,48.958644792567036
