theta_estimate,delta_phi_estimate
174.94577385639792,80.95936896307211
