theta,delta_phi,psi_hwp_a,psi_qwp_a,psi_hwp_b,psi_qwp_b
2.609119322472879,90,39.35427872007614,75.13162968368029,35.746369982851455,86.34339376492404
