theta_estimate,delta_phi_estimate
147.43433972491778,39.8957058549718
