theta_estimate,delta_phi_estimate
37.32120136414164,15.671233501209288
