theta_estimate,delta_phi_estimate
126.31565613827406,49.62473088625341
