theta_estimate,delta_phi_estimate
86.82928526419312,74.65433954585785
