theta_estimate,delta_phi_estimate
86.4116040656999,44.50516507599922
