theta_estimate,delta_phi_estimate
41.820187717207695,80.99254556633868
