theta,delta_phi,psi_hwp_a,psi_qwp_a,psi_hwp_b,psi_qwp_b
1.0116993291221368,1.5707963267948966,17.290964214298363,28.580644862450942,1.0553060824391385,22.644340429865295
