theta_estimate,delta_phi_estimate
53.815969288850994,49.70494998180187
