theta_estimate,delta_phi_estimate
56.93148649381819,49.36910102595927
