theta,delta_phi,psi_hwp_a,psi_qwp_a,psi_hwp_b,psi_qwp_b
1.5707963267948966,-1.357806994348131,26.049999999999997,45.0,-6.74915254237288,-44.99999999999999
