theta_estimate,delta_phi_estimate
87.10790066391797,51.56121467107468
