theta_estimate,delta_phi_estimate
87.16884652697846,53.27927322154628
