theta_estimate,delta_phi_estimate
42.25799525060409,54.381094423256535
