theta_estimate,delta_phi_estimate
85.78437646878695,68.15775324592144
