theta,delta_phi,psi_hwp_a,psi_qwp_a,psi_hwp_b,psi_qwp_b
2.4493773231378047,90,37.554389356632534,70.60496314782105,32.80862811167229,84.88217617033817
