theta_estimate,delta_phi_estimate
138.83964216107202,38.75082965140648
