theta_estimate,delta_phi_estimate
41.90902278870412,52.291365578686154
