theta,delta_phi,psi_hwp_a,psi_qwp_a,psi_hwp_b,psi_qwp_b
1.5974199933507423,1.5707963267948966,26.44208495587331,45.78673885839304,10.409391587181705,46.20633830141451
