theta_estimate,delta_phi_estimate
87.32067705397161,49.18196487831163
