theta_estimate,delta_phi_estimate
86.50765428038575,67.2246984855508
