theta_estimate,delta_phi_estimate
42.39071981631143,76.83713632803574
