theta,delta_phi,psi_hwp_a,psi_qwp_a,psi_hwp_b,psi_qwp_b
2.7156139886962616,1.5707963267948966,40.518277913679555,78.12769526091536,36.33038646094118,81.99878229846206
