theta_estimate,delta_phi_estimate
153.32296024473163,53.05631378266845
