theta,delta_phi,psi_hwp_a,psi_qwp_a,psi_hwp_b,psi_qwp_b,measurement_time,repetitions
0.31948399867014843,0,5.550064204735552,8.89075259263095,-6.457133413558095,-7.189472243993071,0.0001,100
