theta_estimate,delta_phi_estimate
25.02507589349758,83.99174497701944
