theta_estimate,delta_phi_estimate
40.54945643972092,37.26142853662652
