theta_estimate,delta_phi_estimate
171.54868542945385,63.13724334843575
