theta_estimate,delta_phi_estimate
87.14982857968963,72.16481640520377
