theta_estimate,delta_phi_estimate
86.86547829265619,64.71840537960506
