theta_estimate,delta_phi_estimate
42.46757717385405,53.233475138419514
