theta_estimate,delta_phi_estimate
167.31810873332088,83.06878394178308
