theta_estimate,delta_phi_estimate
20.566409203883303,43.4898958196954
