theta_estimate,delta_phi_estimate
87.10910393881875,78.83575108624804
