theta_estimate,delta_phi_estimate
2.953812490793211,78.07691215065378
