theta_estimate,delta_phi_estimate
173.91845732056197,76.9929852370527
