theta_estimate,delta_phi_estimate
56.9535576311909,85.08908469293962
