theta,delta_phi,psi_hwp_a,psi_qwp_a,psi_hwp_b,psi_qwp_b
1.5707963267948966,0.31948399867014843,26.049999999999997,45.0,27.723728813559326,44.99999999999999
