theta_estimate,delta_phi_estimate
51.62980893184443,85.19737983390498
