theta,delta_phi,psi_hwp_a,psi_qwp_a,psi_hwp_b,psi_qwp_b
1.5707963267948966,1.171441328457211,26.049999999999997,45.0,43.74067796610168,44.99999999999995
