theta_estimate,delta_phi_estimate
86.58195391383587,66.37780534803413
