theta_estimate,delta_phi_estimate
85.78353397721845,65.72462650903134
