theta_estimate,delta_phi_estimate
86.65904423375022,48.823888557357215
