theta_estimate,delta_phi_estimate
42.07807710306417,67.30902664038993
