theta,delta_phi,psi_hwp_a,psi_qwp_a,psi_hwp_b,psi_qwp_b
1.5707963267948966,0.45260233144937695,26.049999999999997,45.0,-19.333898305084748,-45.0
