theta_estimate,delta_phi_estimate
85.05745852125051,26.2490831736389
