theta_estimate,delta_phi_estimate
33.11628648477786,0.0
23.97743352928098,29.629227729230948
30.351221917337636,20.422155428503196
