theta_estimate,delta_phi_estimate
63.62878911379655,85.07778829505219
