theta,delta_phi,psi_hwp_a,psi_qwp_a,psi_hwp_b,psi_qwp_b
0.10649466622338281,0,1.8526838656301161,2.958301451720391,2.146921131029904,2.367809278473899
