theta_estimate,delta_phi_estimate
164.6803804699827,29.629227729230948
164.6803804699827,59.626436391172106
