theta_estimate,delta_phi_estimate
100.95764776264367,36.98422402867854
