theta_estimate,delta_phi_estimate
92.909665683738,8.964198722388934
92.909665683738,9.453818056955944
85.63315068381198,9.19924990151734
