theta_estimate,delta_phi_estimate
86.7558762917045,54.571617212171354
