theta_estimate,delta_phi_estimate
45.792308161913,49.68879838470999
