theta_estimate,delta_phi_estimate
86.71972148111676,58.201391682600125
