theta_estimate,delta_phi_estimate
86.4544038719808,67.2246984855508
