theta_estimate,delta_phi_estimate
141.8733024190143,85.50942746449859
