theta_estimate,delta_phi_estimate
85.91726747440205,41.46784609986874
