theta_estimate,delta_phi_estimate
8.171233559949766,44.57026553758209
