theta_estimate,delta_phi_estimate
94.63990484595735,48.958644792567036
