theta_estimate,delta_phi_estimate
85.15735182123146,25.94854249829682
