theta_estimate,delta_phi_estimate
19.91420931519655,25.355728372125434
