theta_estimate,delta_phi_estimate
1.7545789953839153,76.1852493030879
