theta_estimate,delta_phi_estimate
87.36944109741496,72.92565670317354
