theta,delta_phi,psi_hwp_a,psi_qwp_a,psi_hwp_b,psi_qwp_b
0.7853981633974483,0.29286033211430273,13.52503267170461,22.05558247447343,14.599103898276597,21.375312204331053
