theta_estimate,delta_phi_estimate
148.04190687753857,85.15662033755325
