theta,delta_phi,psi_hwp_a,psi_qwp_a,psi_hwp_b,psi_qwp_b
1.5707963267948966,0.9052046628987539,26.049999999999997,45.0,-6.367796610169488,-44.99999999999998
