theta_estimate,delta_phi_estimate
86.8619051119734,51.815956864787985
