theta,delta_phi,psi_hwp_a,psi_qwp_a,psi_hwp_b,psi_qwp_b
1.0649466622338282,0,18.162103877227164,30.128592297281042,-22.001934825248096,-27.221601411715774
