theta_estimate,delta_phi_estimate
54.95910431131932,12.350673888208796
