theta,delta_phi,psi_hwp_a,psi_qwp_a,psi_hwp_b,psi_qwp_b,measurement_time
0.7853981633974483,0.3141592653589793,13.52503267170461,22.05558247447343,-11.804362385647197,-22.477648170736128,5
