theta_estimate,delta_phi_estimate
42.78051473560724,77.022584954527
