theta_estimate,delta_phi_estimate
42.84163826927444,84.76426172226155
