theta_estimate,delta_phi_estimate
85.24574886103984,10.737218826374034
