theta_estimate,delta_phi_estimate
155.56126610881472,84.89342344716789
