theta,delta_phi,psi_hwp_a,psi_qwp_a,psi_hwp_b,psi_qwp_b
2.342882656914422,90,36.31215142155994,67.56308764766716,30.75608751621342,83.69588993448305
