theta_estimate,delta_phi_estimate
133.77873275673463,38.061757181568666
