theta_estimate,delta_phi_estimate
85.15219831239222,10.760102716155503
