theta_estimate,delta_phi_estimate
127.52713260609507,0.0
135.28863187411142,18.178642952154597
123.94353632080175,21.908502606759928
129.38422727980208,17.30282457857095
