theta_estimate,delta_phi_estimate
84.28304095208716,10.931373337938266
