theta_estimate,delta_phi_estimate
134.0802834484411,85.46428628512406
