theta_estimate,delta_phi_estimate
87.29897491247563,57.500211545235715
