theta_estimate,delta_phi_estimate
125.09963219539351,12.30998866432855
