theta,delta_phi,psi_hwp_a,psi_qwp_a,psi_hwp_b,psi_qwp_b
1.3844306609039765,0,23.235669659121434,39.49679352091819,-28.680091880098285,-38.162472696702636
