theta_estimate,delta_phi_estimate
75.34607716392156,85.74922250649725
