theta_estimate,delta_phi_estimate
67.62229048848762,19.5845528370746
54.28481999303462,12.13217190968354
57.791965997959466,0.0
