theta_estimate,delta_phi_estimate
86.75767158677004,69.91326619969513
