theta,delta_phi,psi_hwp_a,psi_qwp_a,psi_hwp_b,psi_qwp_b,measurement_time,repetitions
0.15707963267948966,0.7853981633974483,2.7321368771686987,4.364654461845673,0.31162755032323997,-2.858235283693097,5e-05,20
