theta,delta_phi,psi_hwp_a,psi_qwp_a,psi_hwp_b,psi_qwp_b
1.1181939953455196,90,19.02665982406253,31.68094922849449,-9.310310874073611,12.063812015049065
