theta_estimate,delta_phi_estimate
59.12931505117492,36.05157569413026
