theta_estimate,delta_phi_estimate
86.510300659467,69.26063485241777
