theta_estimate,delta_phi_estimate
84.11472137807121,36.41770972944738
