theta_estimate,delta_phi_estimate
84.02477399258699,36.41770972944738
