theta_estimate,delta_phi_estimate
0.7892196935792041,63.41578724833517
