theta_estimate,delta_phi_estimate
113.67700744873818,49.263912579617305
