theta_estimate,delta_phi_estimate
107.14262024140628,36.67008793968819
