theta_estimate,delta_phi_estimate
86.132709174942,82.38466769699637
