theta_estimate,delta_phi_estimate
85.97405253634824,70.51946548026443
