theta_estimate,delta_phi_estimate
86.36759705327115,85.3917574619456
