theta_estimate,delta_phi_estimate
152.66350015228943,18.178642952154597
152.66350015228943,34.860241695139976
146.88371351522215,26.22280145988524
