theta_estimate,delta_phi_estimate
85.9547527831775,85.84857444087321
