theta_estimate,delta_phi_estimate
129.0538378955759,37.88797514366964
