theta,delta_phi,psi_hwp_a,psi_qwp_a,psi_hwp_b,psi_qwp_b
2.0233986582442736,1.5707963267948966,32.34571059556804,58.319050771505516,20.848418695625348,63.786923976759546
