theta_estimate,delta_phi_estimate
20.869941301057185,82.24658007032203
