theta_estimate,delta_phi_estimate
87.11552384628894,77.4503223880562
