theta_estimate,delta_phi_estimate
43.24834005220504,58.62056177490341
