theta,delta_phi,psi_hwp_a,psi_qwp_a,psi_hwp_b,psi_qwp_b
2.342882656914422,1.5707963267948966,36.31215142155994,67.56308764766716,28.321890416978206,73.5065157185532
