theta_estimate,delta_phi_estimate
42.1000987198896,60.02206132995035
