theta,delta_phi,psi_hwp_a,psi_qwp_a,psi_hwp_b,psi_qwp_b
0.15974199933507421,90,2.7784074299603527,4.43870610073245,-1.7303181864166306,1.0048644305097778
