theta_estimate,delta_phi_estimate
12.117117983981432,59.294344376155365
