theta,delta_phi,psi_hwp_a,psi_qwp_a,psi_hwp_b,psi_qwp_b
1.5441726602390509,1.5707963267948966,25.655346097480262,44.21326114160696,9.203053285767192,43.79366169858549
