theta_estimate,delta_phi_estimate
84.70434859170712,49.232308851892384
