theta,delta_phi,psi_hwp_a,psi_qwp_a,psi_hwp_b,psi_qwp_b
0.7853981633974483,1.2779359946805937,13.52503267170461,22.05558247447343,4.08719843311548,19.82663221076527
