theta_estimate,delta_phi_estimate
43.011024571541,56.858638555289005
