theta_estimate,delta_phi_estimate
85.05169046300266,13.993247586023042
