theta,delta_phi,psi_hwp_a,psi_qwp_a,psi_hwp_b,psi_qwp_b
0.37273133178183987,1.5707963267948966,6.471232795665069,10.3798969785422,-0.6276215911172586,6.940658937359603
