theta_estimate,delta_phi_estimate
68.99408352389102,36.63187770182546
