theta,delta_phi,psi_hwp_a,psi_qwp_a,psi_hwp_b,psi_qwp_b
1.3844306609039765,90,23.235669659121434,39.49679352091819,-6.109664471346574,24.55830599716458
