theta_estimate,delta_phi_estimate
75.07902422963782,36.20930032997507
