theta,delta_phi,psi_hwp_a,psi_qwp_a,psi_hwp_b,psi_qwp_b
0.05324733311169141,1.5707963267948966,0.926465268487197,1.4788990040629157,-0.10861774498062629,0.9646599409044277
