theta_estimate,delta_phi_estimate
112.61463306766487,12.197610163383768
