theta,delta_phi,psi_hwp_a,psi_qwp_a,psi_hwp_b,psi_qwp_b
1.5707963267948966,-1.0915703287896739,26.049999999999997,45.0,-2.935593220338971,-44.99999999999998
