theta_estimate,delta_phi_estimate
86.88378914028024,59.35298730382651
