theta_estimate,delta_phi_estimate
149.64877808266237,44.57026553758209
