theta_estimate,delta_phi_estimate
86.29427860839314,85.73523296645708
