theta,delta_phi,psi_hwp_a,psi_qwp_a,psi_hwp_b,psi_qwp_b
0.7853981633974483,1.3844306609039765,13.52503267170461,22.05558247447343,2.5740001373458816,18.702095419267998
