theta_estimate,delta_phi_estimate
86.1136376039486,74.0513501866986
