theta_estimate,delta_phi_estimate
42.51862360759793,50.255920391237595
