theta_estimate,delta_phi_estimate
86.26547410763395,42.75636230516757
