theta_estimate,delta_phi_estimate
104.70291211476601,14.270821369961142
