theta,delta_phi,psi_hwp_a,psi_qwp_a,psi_hwp_b,psi_qwp_b
0.31948399867014843,1.5707963267948966,5.550064204735552,8.89075259263095,-0.5693042518578237,5.904804910419833
