theta_estimate,delta_phi_estimate
15.217763652279643,56.934038992837245
