theta_estimate,delta_phi_estimate
101.01214222011643,86.15793673130548
