theta_estimate,delta_phi_estimate
53.59044031528883,85.4905923030142
