theta_estimate,delta_phi_estimate
51.9800461697275,13.094457743501989
