theta_estimate,delta_phi_estimate
155.2403409823537,43.58728467399308
