theta,delta_phi,psi_hwp_a,psi_qwp_a,psi_hwp_b,psi_qwp_b
0.5324733311169141,1.5707963267948966,9.222649036395836,14.868370316319698,-0.6851757572893545,10.2131595084556
