theta_estimate,delta_phi_estimate
26.691678759116446,52.001533683414436
