theta,delta_phi,psi_hwp_a,psi_qwp_a,psi_hwp_b,psi_qwp_b
1.5707963267948966,0.5590969976727598,26.049999999999997,45.0,-16.283050847457627,-45.0
