theta_estimate,delta_phi_estimate
85.69958023459542,32.305184669766966
