theta_estimate,delta_phi_estimate
86.05086883831572,72.0505702849334
