theta_estimate,delta_phi_estimate
86.74682431515258,80.23958240504375
