theta_estimate,delta_phi_estimate
86.35481426642056,51.32257546079095
