theta_estimate,delta_phi_estimate
86.94618747704277,67.59338778438193
