theta_estimate,delta_phi_estimate
126.27017654576981,37.30576550374889
