theta,delta_phi,psi_hwp_a,psi_qwp_a,psi_hwp_b,psi_qwp_b
2.0233986582442736,0,32.34571059556804,58.319050771505516,-39.18648467728282,-61.053897150760314
