theta_estimate,delta_phi_estimate
86.16728018344666,55.53677948972485
