theta_estimate,delta_phi_estimate
41.3812631391812,82.99470641260262
