theta,delta_phi,psi_hwp_a,psi_qwp_a,psi_hwp_b,psi_qwp_b
0.31948399867014843,90,5.550064204735552,8.89075259263095,-3.4323748525349242,2.0605733316934614
