theta_estimate,delta_phi_estimate
17.311632252555437,46.94803403290899
