theta,delta_phi,psi_hwp_a,psi_qwp_a,psi_hwp_b,psi_qwp_b
1.4909253271273595,0,24.858480545988254,42.64006859472799,-30.788554187415063,-42.05151598498089
