theta_estimate,delta_phi_estimate
34.702475690999336,84.275766946419
