theta_estimate,delta_phi_estimate
168.62557878831765,82.84727681965299
