theta_estimate,delta_phi_estimate
28.244250547363915,39.641855951639904
