theta_estimate,delta_phi_estimate
86.36121754941786,72.51895784668697
