theta_estimate,delta_phi_estimate
77.50036978925867,11.10056074399916
