theta_estimate,delta_phi_estimate
122.73901301261989,85.29056129936845
