theta_estimate,delta_phi_estimate
171.93133754501682,53.09057981567798
