theta_estimate,delta_phi_estimate
93.6398091594345,11.032504152335227
