theta,delta_phi,psi_hwp_a,psi_qwp_a,psi_hwp_b,psi_qwp_b
1.331183327792285,1.5707963267948966,22.41044195178526,37.92780219240522,5.008114295717971,34.43316728492273
