theta_estimate,delta_phi_estimate
72.63359019678158,48.79458979106139
