theta_estimate,delta_phi_estimate
175.21000437462942,74.73954013440388
