theta,delta_phi,psi_hwp_a,psi_qwp_a,psi_hwp_b,psi_qwp_b,measurement_time
0.7853981633974483,0.9162978572970228,13.52503267170461,22.05558247447343,4.468324106146851,-11.144926918186496,10
