theta,delta_phi,psi_hwp_a,psi_qwp_a,psi_hwp_b,psi_qwp_b
1.703914659574125,0,27.984078495778604,48.932272288668855,34.647916915250946,49.90194191551916
