theta_estimate,delta_phi_estimate
94.53586149529377,85.61886540894125
