theta,delta_phi,psi_hwp_a,psi_qwp_a,psi_hwp_b,psi_qwp_b
1.5707963267948966,-0.7454626635636797,26.049999999999997,45.0,42.977966101694896,44.99999999999995
