theta_estimate,delta_phi_estimate
91.06016458495608,36.33261957301034
