theta,delta_phi,psi_hwp_a,psi_qwp_a,psi_hwp_b,psi_qwp_b
2.2896353238027305,0,35.67692357985839,66.03461540494988,41.71806316848121,69.23539129131781
