theta_estimate,delta_phi_estimate
128.93267344400283,85.70227474876
