theta_estimate,delta_phi_estimate
15.319619530017288,90.0
8.171233559949766,90.0
0.0,90.0
8.171233559949766,0.0
