theta_estimate,delta_phi_estimate
86.49238278890294,77.36719958580471
