theta_estimate,delta_phi_estimate
86.56728779041025,82.81144361270599
