theta_estimate,delta_phi_estimate
86.00925565031783,70.20917919030802
