theta_estimate,delta_phi_estimate
40.09626384897207,49.95144720571979
