theta_estimate,delta_phi_estimate
125.71518000696538,21.377528703025533
117.18420962636887,14.270821369961142
125.71518000696538,11.145783819035133
