theta_estimate,delta_phi_estimate
86.343973105648,68.08443920349085
