theta_estimate,delta_phi_estimate
160.82427397064103,84.72994762078793
