theta_estimate,delta_phi_estimate
171.82876644005026,90.0
180.0,90.0
171.82876644005026,90.0
