theta,delta_phi,psi_hwp_a,psi_qwp_a,psi_hwp_b,psi_qwp_b
1.5707963267948966,-0.5857206642286056,26.049999999999997,45.0,4.079661016949147,44.99999999999997
