theta_estimate,delta_phi_estimate
86.9435811725608,53.90984751393706
