theta_estimate,delta_phi_estimate
8.753313567823191,42.497096037823034
