theta_estimate,delta_phi_estimate
42.36641670540272,71.95339494510775
