theta_estimate,delta_phi_estimate
42.85758528407246,79.12216013531432
