theta_estimate,delta_phi_estimate
157.55826372093975,84.89342344716789
