theta_estimate,delta_phi_estimate
86.23429976709036,54.31614433084224
