theta_estimate,delta_phi_estimate
86.14788529098195,85.82042484580134
