theta_estimate,delta_phi_estimate
160.83929032154506,58.62555093756409
