theta_estimate,delta_phi_estimate
42.604780496561794,13.437451997627068
44.71136812588858,0.0
33.11628648477786,15.281423367285226
