theta_estimate,delta_phi_estimate
33.11628648477786,15.281423367285226
