theta_estimate,delta_phi_estimate
63.256316049597,16.778654880960357
