theta_estimate,delta_phi_estimate
125.4399376990785,85.60636931870445
