theta,delta_phi,psi_hwp_a,psi_qwp_a,psi_hwp_b,psi_qwp_b
0.5857206642286055,90,10.134746802660398,16.37266367960328,-6.107554340456209,4.110690240060442
