theta_estimate,delta_phi_estimate
29.804760744867597,39.641855951639904
