theta_estimate,delta_phi_estimate
60.10767796395716,49.213045801844096
