theta_estimate,delta_phi_estimate
78.00040756517514,36.09262179403306
