theta,delta_phi,psi_hwp_a,psi_qwp_a,psi_hwp_b,psi_qwp_b
0.7853981633974483,0.7454626635636797,13.52503267170461,22.05558247447343,10.615916856373342,22.47307630109618
