theta_estimate,delta_phi_estimate
41.40078765435596,71.95339494510775
