theta_estimate,delta_phi_estimate
86.81678151687527,82.1877849967558
