theta,delta_phi,psi_hwp_a,psi_qwp_a,psi_hwp_b,psi_qwp_b
1.2779359946805937,1.5707963267948966,21.576514348340947,36.36126399792658,4.149319697261379,32.24748957672362
