theta_estimate,delta_phi_estimate
69.69619721078526,49.36109121497574
