theta_estimate,delta_phi_estimate
65.78945910490447,85.7985619451279
