theta,delta_phi,psi_hwp_a,psi_qwp_a,psi_hwp_b,psi_qwp_b
3.0350979873664103,0,43.89438241390973,87.04169854827961,44.77911185255601,87.63219072152611
