theta_estimate,delta_phi_estimate
172.07977830864502,83.06878394178308
