theta_estimate,delta_phi_estimate
142.53963981051683,51.109684433977634
