theta,delta_phi,psi_hwp_a,psi_qwp_a,psi_hwp_b,psi_qwp_b
1.6506673264624336,90,27.218411951260254,47.359931405272,8.38801959382414,55.08916804234263
