theta_estimate,delta_phi_estimate
91.04426034171097,36.33261957301034
