theta_estimate,delta_phi_estimate
58.67591336997577,11.638621910397527
