theta_estimate,delta_phi_estimate
14.248118764564436,46.94803403290899
