theta_estimate,delta_phi_estimate
87.11946201510274,49.9585982880683
