theta_estimate,delta_phi_estimate
30.351221917337636,16.54258264340555
33.11628648477786,15.281423367285226
38.11234742630403,0.0
23.97743352928098,44.57026553758209
