theta_estimate,delta_phi_estimate
166.56399431324235,84.46012879137399
