theta_estimate,delta_phi_estimate
8.206252237375377,60.40288552685405
