theta_estimate,delta_phi_estimate
41.53231436880279,80.23028244026654
