theta_estimate,delta_phi_estimate
84.76533273977181,20.50620351453486
