theta_estimate,delta_phi_estimate
87.07929101375431,63.42390018463481
