theta_estimate,delta_phi_estimate
30.351221917337636,20.422155428503196
