theta_estimate,delta_phi_estimate
48.25403657188355,85.03048911361769
