theta_estimate,delta_phi_estimate
30.69078667385159,17.911355283513014
