theta_estimate,delta_phi_estimate
86.85418705764141,50.27412022556401
