theta,delta_phi,psi_hwp_a,psi_qwp_a,psi_hwp_b,psi_qwp_b
2.2896353238027305,1.5707963267948966,35.67692357985839,66.03461540494988,27.120804787406964,72.07959458800474
