theta_estimate,delta_phi_estimate
129.39464119759097,50.1128050353742
