theta_estimate,delta_phi_estimate
86.70962770416891,70.59845781546719
