theta_estimate,delta_phi_estimate
81.43806974690759,36.83623008399071
