theta,delta_phi,psi_hwp_a,psi_qwp_a,psi_hwp_b,psi_qwp_b
1.5707963267948966,-0.638967997340297,26.049999999999997,45.0,5.605084745762708,45.0
