theta_estimate,delta_phi_estimate
86.52319696788177,41.203950645895056
