theta,delta_phi,psi_hwp_a,psi_qwp_a,psi_hwp_b,psi_qwp_b
1.8104093257975078,1.5707963267948966,29.48263975938004,52.072197807594776,15.57494701079524,55.56683271507727
