theta_estimate,delta_phi_estimate
100.99435121651406,49.39535357887986
