theta_estimate,delta_phi_estimate
86.4364233141678,47.50232032007195
