theta_estimate,delta_phi_estimate
86.54043222620928,81.57676640751669
