theta_estimate,delta_phi_estimate
59.4949560537663,15.281423367285226
